0x9b0C74924A7f6B4A54e7a02f7D56BBe9605bb629,83703852450483350320
0xEA63ac94a7FFaB1a8A82E3b76dA5dfeADE80c4d5,2342556217220421941
0xBbf77a629F286f7d4b36F38C90a6726731363731,219076629871232103061
0xf2ED5beaCef78fA9e38d1cDCB6F7AdA3Ae71f01C,24408655166304145974
0x3185EF019BA1C04B8d65eDB64c1c34C3eaE52271,6350931363823313005
0x9Bb78431797c98C7B742b41eD53D15E744d5720a,553875307042840098
0xd8FAEC528b9fbf4fE3226d6BeB8B14A4F9BAD655,36001870215747487
0xf69EA6646cf682262E84cd7c67133eac59cef07b,35410934806032713921
0x2A610f09Da41dA17B107b1265E42D9CEF6B8FA94,68494326723815197521
0xeF79660BcAd04037457Fb0C323F5A045156FD0d8,318500360908038105
0x9730299b10A30bDbAF81815c99b4657c685314AB,538042021585054026
0xE16584424F34380DBf798f547Af684597788FbC7,5292399729316303163
0x0775EA2A88DB33038c4069E41DDA8D963b64C2A8,0
0xB59caB7DEdA495490d6B9EeB518374A0521fd76F,63275392778053756588
0x1a7D839DAD213e8664411BE731754Ca9AbCAC2f7,21540651036697615208
0xf7256eD518fa3A8b1dDb2bBb0Cd0071617df7bF4,0
0xca4FcB9BbDe4f1c98733198187b557d01D87ae04,26585119589804198028
0xFFCDD63933BdD0fCBEe19E3e9eAE7774B931916d,888416030908464173285
0x573b8502bda0C67FC12c7029941D355d618330F5,40272675735518961087
0x09c01AA4dfaa767f8319A001A1d5eE848f99A44E,0
0xF76432B894E8F44BF154859662F6EBa60394D70D,0
0x5524eD1E6d6b8E8F28A0cF63196eEb0255715577,519644188757969988
0x5E3518130825153Dabf4bD3f029F408221F2142B,0
0xCD75281AAB13dA6FD25d3f04A17fa1f769859Edc,700561778150430518
0x515b5f744c0BE75D5A9425d79679Fc538062eFCA,2160762336677390944
0x3995Ae9AAbe3ad17308B8e21662CC4b8AeDc2665,0
0xe79502E6A2C36b3e907A088a0F3D50c4279C1D66,12614621665867846294
0xDa6aB7d0A045a8B7Dc25f8a50b383Af7fF49977F,6181881808839171793
0x727ABd02a79c57fD28BFd5f8D06502D5dc082Cb9,0
0xF5fbFCb56c8a6D058b5CD24C3e545243A819558a,0
0x5C14C0A4ce5645Be8bf218A5F5469b94dBe887bB,114969366681520495891
0x08A01e2777FFFDA5f4cca7aA01C3087A62DC71A6,0
0xD0ba237c3dEb33DB6df9508975474D3d48C31d3b,24782109034420405868
0xB7D9945166e3DA89ee4c0947230753d656D116a5,43547163831387536753
0xE64e60e6Beccb46ea383fd23aceAcCA7B19aE4eD,9000548224961070381
0x2e4FEeA3811b14e0f79b5B67CDB7d5EF6783F50B,0
0x5A8681cA9efDDa2739A84e84a46FDf3DED1148CA,26461937131119843502
0xEba8C2Ad26268Fa63666001acbCeEc790626efBd,0
0x244C5bA9A9264BB97Dd9578e0eD553051335EC03,0
0xB319D8f7E603C372D0135C145DD8b0Ab77C02Aee,15118145168992809879
0xeF1EC2008fFd40F5399a918ed85669d7D52DecB8,15727032715938341053
0xbc4bfA3119B488Ce3D5516C3857fB59cF8549D5D,0
0x49B144d329B096D2772533f936B5Fda6dDF8Dbdb,0
0xaaF6bA11d4A0e3812e76F97Ee0149271c33AE1E5,1233903169907866308
0x70bEfcb944275e3AD3A64a6e1C9cfeFaB48B3E2A,21297857464467550267
0x710aC510D59c9801033c0373B8A375e40E46B0b6,185215238657392655056
0xFd27e4C53B04962965Ab33807ef1A0184A3Da5df,0
0x3628B9bb664b7Dc99Fa4943f1c941Ec0Dd3A0D07,6659980239096852635
0xd87DE2B6dE1c6936751606646769A482510F5ea8,747636452368419259758
0x4B74d0296259f7994796E1b6e9C1C4f68066f5d6,0
0x86cc7Ad354441bAE1304F55C1F6df8ba98D44Af2,112624267585286758131
0x4449dd09067dcaA55C15F40b465A5173778f8100,10583607493173524399
0x956ad6B63449Dd00C3b347F45a724F33e50AEdd6,15864512477946064083
0x2FB4A206B37Ce7Aab7DE686973f376F9282b17da,5026612064847741379
0x50664edE715e131F584D3E7EaAbd7818Bb20A068,720199341447575324319
0x4fdcD0496F4c2D3629C0741626DE74d24A683E50,7190170268710735838
0x4fde66DBfc114bA4E6213EC40cbe0bbcd73092D8,29447635996954163007
0xfA1aa964aa8cF5Cfa1AfeEB3573253a2B28c5852,3558566851590060891
0x9731B0c8436C63cb018A9D81465EdE49EcB0390E,0
0xC6b4E879FD63C642Ed497c8E747BFcB89C8C88fd,10583719811793498921
0x9482C72Cb018eE03d8c23395038B510ED4e6040C,15995319627191846604
0x3812364136fe59a5db130666925be092050bD8bA,5455824732898762359
0xA8f3ea37BF1bFeE12A06DCb1cf14CaA1FDa4B879,0
0x6189717673E1ed5DA55080D0898C70F91d2784d0,812095956387270060
0xDf5B0E3887Ec6cb55C261d4bc051de8dbF7d8650,1277966140546274938
0xf085231850f8A19c6009c9363e7849b2B50E4062,61523766656693627717
0x381FdA2DE63b283fc51485E58a8600140F5f93FB,0
0x7B946dAb6b86C814C84BA19d1b071681Ea5eba47,9922711863544545919
0xcB09949684c4875c2193a8C78F39052647E15759,4272506760720541998965
0xc4a4e1665adFea108424b3A6F2Bc9897ea62b390,113062975472466154168
0x94458AA887d18f85003c3B0391594767dDC733Fb,245065218208389086143
0x51d5Ac6578C169908D6ca6f0DE117BFaa2C7d47a,0
0xd61daEBC28274d1feaAf51F11179cd264e4105fB,758726835778618955
0xcB9eAA226eea1c59D2F2fE197DA0DE65f30a8D63,7706620156338481288
0x78AdB1b4707B4B75A407DD913238735382451481,0
0xaD63E4d4Be2229B080d20311c1402A2e45Cf7E75,155714242507209442242
0xD74443F25c310A880D2a1bdaCF075c4Ac5aC90A7,1321759561603202599
0xA09110caF0e83BE6aD5416D3C23A496ba53F6aFf,258344026560408106
0x561601D349603aC8B827c893cb4f1F170c34bB20,287315663601586839
0x830Ce8FF161023CeCd982ae517925fD7635f1f71,0
0xAf3a72bA9C8Eee1909b7a82015aa674F02c5d5EB,21021817148427042385
0xC5Fa4F262a140B29B76cd3835b112AC0ac49A6C2,50364635253526548564
0xDd74a5f502167c1bdd88968D058834170175277B,0
0xDaaBDaaC8073A7dAbdC96F6909E8476ab4001B34,30327513715500546076
0xb94Be5cDf97401560507792E92c3A29102E5457F,0
0x5F70A6fa5e427dA910a0174d12159e715D6747d0,783691363507459339
0x4c00f62943546975354d3460D1759189460B44E7,0
0x06658F96B088622fFa8B27250BEf693b5aE2D912,1474262229761646829
0x7859acA535F91B8dCFf79b68e414e03A9a79a8d1,0
0x477Ea3f48C3D296eb6Ecd42c2f69Cdf28EB622bF,5283036291604322355
0xBEa645Da9c7f6De1f7E287759CcBFd5ab9f57C08,26363488524653522057
0xAF2FEA8278222A8Ab0f98A6386DCbE48B746942D,16852220783713432691
0x49f834Da90FAB90e60CcA730B80e7c60e15FCA0B,845981146022633057935
0xF35489Bd98AF70ba98b23Dd23c9Bc4BAd0Dc5621,367775542416750968116
0x83B8987b2f48B6B7220fFC6E83fa0F129B9D5149,37230704599187123305
0x50f3CE0BFd94d3b7C112BBA5d51e9A0E84BA20F0,18074339696848865858
0x0C5a2C72C009252f0E7312f5a1Ab87de02be6FBE,691707408547968871254
0x919dEF40B4B3f8f34c5c75E72c37c067127304A2,211415816165641128675
0x0C10cE968563B44140EE037c5F10af36fE18B67B,2010729609953459070
0xd976D3Cc17D109889037175B2472aF6CA970302d,8622068433490355172
0x008D63fab8179Ee0aE2082Bb57C72ED0c61f990f,157494128838191766358
0x70a9c497536E98F2DbB7C66911700fe2b2550900,5475573692743309986
0x1c87d147d89129A596e38295DEBBe134410Db23f,24059855268388630698
0xA0A59da94F30E8b615591A9D1aA6cd9bBb3e28a0,0
0x25DD159Bb80Ca4216A2693CA0394672e4600578f,0
0xdF610269c6587C579E76b03Fba17EE51DD02B0c8,1504786308019691822
0x0C943968545b58C30C18f1Fd024BAF7d39743564,34146346965877366
0x835DbD8ec14d1Ffc3EBdBD02d989F2ceB0C3A640,1996089608024809947
0xda8b43d5DA504A3A418AeEDcE1Ece868536807fA,15938475198466443122
0x3bc9339E968f0931c5760E3cddcDbCf852cff726,0
0x0DE299534957329688a735d03961dBd848A5f87f,0
0x19cf388796C31fa7a583270d82659EcD2b4fd490,719487065195918014
0x3482bDC12191A3e272aAB39469d78836e71D2CFe,45162900652663304785
0xB0390F8e5FDCb801276c965ee740b936EeC80e10,35895951610355446
0x163cA0652609Ea34B2daf93f6C6f64C5472C8F20,21125688387946538782
0x120EbFE81c44003cd5351731709e30f9681dAF74,24285864292688001212
0x7e25b7A3cA681a52862F2d39C90e4563E27460D7,0
0x6483091a0E2972cfe2efEa7fbaC6fa0c97C6C0E2,68969394886682961379
0xD45C4950741A023a6Bd426EB11178AeF943728a0,0
0x2c120f668745510Ca54279a73D00B07dAEF6efeC,853269781632474980
0xF6f7c64EE5DD7280b1519f81968375C1442BA036,1055723310481311094
0x8397b306F3EE34b8c182507d7B66d898aE329474,0
0x34Ee2E826d3c6701DF3B081D84c282C11C5eB4Fc,0
0xA9Cdc432A3d1a1A5F43b353950389790be640b4A,371624771635845881
0xb9fb0DC34914C3E8033E67dc3abbf17C9B93AC09,15915683211637050198
0x3ec2c2A37bE7EC40B922a6efc846e1d32BEA97A1,193235230424579867
0xCFFE08BDf20918007f8Ab268C32f8756494fC8D8,0
0xB0988414351FFd20Fff5f25ed759F95459607E55,35035961330791205022
0x8921B3acb007bb9018909155664fe1E31Ad88535,0
0x69A0b9101a3237FC63fCCD03AD5bdfc39439e2C2,8527045086093693018
0x01Ab06F4Eb304a6f804E26CbE5f16D23D06b68a5,2340122696491856372
0x0dF60e53959504e2AeEca46a5A2E72e860A3666d,36789076034754073245
0x705D4ce20793771d5b8497E748E381647dA7F69F,3851110866872578588
0x89745a8D324d0F1618866Cea5D7e08586FcC431b,358547793908164818
0xCdaC6014d6C8F8bE3040279d67b993e0c02Df5d9,0
0x1F847A01cbC91dD8ab4ec05Bf16e5F655dF08f11,0
0x0b193945cF022c8965F5e1b9f9888ED2594E000d,4492674618047928064
0x956b081e355F04D66cAA138EC919836221E05274,0
0xb6Ab2c186AA1ae4D75878584F598B17af545665f,0
0x31331EC182777B3E3CF127F4709A8AAa8F76E549,1234894138992123169
0x671149e0af44fBCaEC953717554203630cB8e515,10544244370330020146
0xAAe99871b32A731dDeAEeE18517E365eBE44F395,42230510930565964810
0x6F3E77541590AF14B813daFEf34D707BE91551C4,86796143379986042667
0x11D0b9058104247Be40744b1e5A708FC0Ae8f7CC,19329574577397294236
0xC612b11556a9a3aC1dca1f18df1c7Ad4819Ff4d8,287082151369235491
0x5D643f55b82E89F394C4A688eD6B91Eb1D88e931,651406002252599310
0x9b3f49A186670194f625199B822FCbDFD3Feacf7,42635185000773236385
0x8808AA2786f4FEc9E9dD25feB504808935b6453d,123413263396868960
0x3dDB69473881a8f0c73419293519994C14603b12,1605404993463228905
0x8d8338A9410e0452978fEed920b64b54ce3775BF,29252936915667295402
0xa8F4D199A01b446bE88bBFD5fBb0C16b9e77cf46,80081976110990474347
0x811aF49A1d0E0E7cDc0AdDcAFf682e87274455C0,0
0x17395D7e88687fA635958E18Bd0B79BcFd96ebea,3576198395716451474
0x93d0Bd8f8E6989381f96e12EC692f39A0f7F40e6,18696491817203987591
0x820803ba68e40B3d770496fC9EF2F1d33C7d2EE3,48403806558614498328
0xdbFe51084BDC563563E0Ad2Eb41B4a57215266dD,1187039612174507720
0x223041e924E0042772F3Da12489C232d79cE3b88,50460607126805949688
0x10F2Ab2886D2FFDa72ABB390545d1BcE8b2d20E6,452747572437495257
0x44440AA675Ae3196E2614c1A9Ac897e5Cd6F8545,856468498227789461
0x4535Bf3aD836DDB8bd8c70b89032f8fEaEA3Ff2e,4917800229066138998
0xF39c5a6dd3861eD036Fd637084a7d87f329D86bB,1315614876813708382
0xf49d2bcC52F0b46a98204721f98Ce9d4e6730BEd,47460762631398467109
0xd97Ec9602F3aF21CC88D56f6e4E504C0BC4743E9,0
0x09acE64b425cb2c4b2fd57F1FF96FcdA41939588,64746794582054912281
0x22E1CfB554D6567CAbA59e42758e1200ca5813C8,0
0x83e4f44b93d6F210aDDefC56d2d27ec7a1C1006D,14320734074724586812
0x638aeA3D8CC45DA8915f4c2d00e6DeBA99bB4Eb6,201366218243830612238
0x3B99E794378bD057F3AD7aEA9206fB6C01f3Ee60,0
0x587157bA5cd0dD90F0B8DB05be44d4731Be79458,0
0x9175D2d06E82A11F4D8eB8936dB0B1A13953CbA3,635676719328298733
0x48683DA0B284B772ce80088255bCcF0792e02B77,391949573538176394
0x29Faeb62f4e9E1456c2fEED5c6f27B13Fae91Dae,1153850698288725075
0xA10378dA8fbb61B408e7816b3E85bb003C485787,2944791605371497035
0x0C3039e7518B711a56F3BBE8bec4f9387829e766,4540070980734735672
0x4688b6f3C384C3CFFE95c92f599213De4a9fA9cA,979382213018050416
0x69d4c40cA8c886be71e140a6DB29CB33edc6E0d9,7465345232531979231
0x749E2C6A633f0c1aB10B4734D6b8360eD5231189,4455839801524803754
0x22d0794A82EEBdd10245C2d162951eB1CA6FA58b,356018938177595339
0x8F3dDf567bFf663D61a12A5D5F42F2E6f220f89C,0
0x422c0348aF9e58Ce790fdCe6BA9014f46cf533a1,2513002329969178063
0xFE702AabED7b8332E9d81dd9e0B7c15B4C5A1c18,102469387586481492997
0xaaEDD6eD3c301D3985d5eDD4F0E548d69d94dBe3,0
0x237B145FE3Bd209Db3a9320039Ff08F99264bb43,31543781419352012233
0x377AB6F66bD7187Cd69769906815Eb51fcA1Fe4C,71942911670372903676
0x4C627D56a83A2dAf44BEDC8f5C14239a8b2b28F1,0
0xBd8e9e39ad49D2607805b77951C9b284E4E8CF31,0
0x07043CEd05Afa4456db015FB43fB3C99E07b07d0,896091794199459130
0x505fFBE8A1d9215Ec3a59bd843a2c0af4CdFb6D2,0
0x50a2cD0f26262263CF2a190E4dbb6A1198B8F228,0
0x767737EE1DAF0e8b106eC769300c95229203487b,96372466993356874
0x9B8C6046143a6a8D6EB7aFe32c26D042Ef133603,14316513850284510694
0x25612e8bd7683De22dA45D717D0493B0e96424b4,9798717829115675315
0x53AAf2B383a0Df5586dE7108BcA0E804e3f3E2EA,685292830242462160
0x7549f8fF83f2413d48dD1f18dDb2186c92829874,1427905522592540474
0xeE8450C75D44FF319f2B878f7ca9908F31f40607,0
0x33Cca875440dE96aFe0Dd6C6b34AD911F59EA03F,820822229241589651
0xc892c648942E31862B9970325EbB089F445AF678,367870752754418319
0x82886Ad5e67d5142d44eD1449c2E41B988BFc0ab,1322225377955012778112
0xFa4FC4ec2F81A4897743C5b4f45907c02ce06199,1344966138629268907947
0x248e40f6f36a43EbDbB26a81aE18aA6D8887bf03,14376849305366167376
0xa01d3764c283FA049d0A7592aa0AE00e8c53DB5B,0
0x813888135cFDc67bD68b79Aea1D27863dd2b990a,0
0x70Baa4a1289F42d24D65EaC808C4536659c829A3,387100951885944917
0x42FD6C81a77aa6bB25e069C987ef9BCF03AcDD16,15460201684448534645
0xB2FE2B854395e955340A38eE90cbbd2E496Fc5e1,0
0xf865cc03241B6e99803bd20444247fc345e10e29,0
0x734B276f62fbFda6897EF79532e9E56135347121,0
0x9C9cDeE36F3080c791E4c1d046992a72a8e01b66,608692003130234483
0xd01534162bdb287610C1548896d6BB62E8c77404,9493672199908037134
0x5E12035d7B1EF1eBf0747c2967C3FB15c5A1102b,10416973621600353688
0x950e3807694d5a57b22E54564889e54B690bDd1f,427192133068388037
0xeA174e9c6Cc14419F36aDE20897851F2Bd1d125d,388978579384737970
0xFb69e4B694a62812b1C6543bD9723cB4CC001D91,17651033170425596
0x3aBfAE750d404C04e17593C576298390FB9E9433,489148705955406861
0xF7B18e107eb36797f4cE36dE756630B9C30969ad,13412790803572890667
0x872F6a5242A3e3aA2364C47455942D94f84832E5,0
0x431B251725cBFcc7453A403eB824CbDf11AeEB09,284094059059787484
0x8EF4428B6F255359FF3b0CcAe4E54c576C660173,0
0x3620B631340F04f32A752ED275D91330C0e41eD4,387021166832722115423
0x6fCa99C517137Deb0519C4E65dF81B98492BAd1c,0
0x8908341Caacd8E484Fa408891a219a1bF2FE2b96,0
0xe32A2AB9EEA11AFc94EaE88EcA49c62D40aaE801,26174348630327304423
0xe899E2CBaDaa6e366646614C1b3ce87c514557Dd,0
0x27f383aAbDe02b06A586399cC26654aE23277498,1861795974156218382
0x9f954829E1a88242f41F1d2EAaED82B4544C1d98,0
0x2f28cC3F13A303Da007F49d615479Fe0265326C5,1040927565632993311956
0xD157D6f9f904879D44D59bDa39503Da7E6BFa20a,10493130291326478493
0xE4f642AA2206D9c6E4fD7Bb437B3274b8283eB14,0
0xd461c0E84C98650B7d573Cb7cDd3d7E0bA402E6b,0
0x6ec857E182693ebfc035C1ac1EEd05Ff97120b95,927657131439629444
0x657A38e6994CB578351376dCDb077330D00665d6,0
0xF653C1c4d825c1600932ef1cC4dB1d755e91Ed05,4368437930642025098
0x57215Fc1f1f98C1A24FA2adD5A8d71327818D417,0
0xF9034FB27f395287276DdeeCB3605d31e5603F45,0
0x2239fF85F256B0Ad09502e6B757AD4c0a747a899,69114887983432753
0x02229A0b911635A65109B0B81Ed1d1bC1cfA40f4,98540284904457085279
0xb95d0877b4830858fdaf6a1111d8a233214c06b2,0
0x8dB62670724849729d9e9deF76708B477d2C8c48,8095197529134610798
0xE3F0470bD3D6947C4F88ec08983C0198f2EF0cC8,6833466090208449
0x5160B558ba11BDA6eb6088F68640663C82793817,2032383184659724377
0xb4f642451Dc4567E5Fe7C22051e11A99dcA2FDb6,0
0xD10285A213eA55a8Baf3Ea78eaBd438646F6fbeF,446777751916638845
0xf2327b04521589f505c7074C163805843A4bd6Cd,15334519769050263494
0x2C8553fa44BCD556e5F7C8482F78ee634d88A509,0
0xA3deB012Dca06b12a7e9AE06738fCCB4D39a6324,2846144635300655274
0xbe5C097317227be4426890bB426e8E0C6299001B,0
0x9572001a64aD0A42FB908429DFA0214a3C18079D,525033199307132441
0x4535313A9213d50403fdbAA79fF9917CB67C09a1,369181175325111963
0x4Ffc5F22770ab6046c8D66DABAe3A9CD1E7A03e7,652711472803365552
0xA98e77Cd70408E00015492eB19F491c6bB12eD06,0
0x83FD59C1494A00D095B4A7Bf74d2Dc323a8EE233,83471132642963851
0x5E968bC1086d87158F1779fC851cF69355953fD6,47422834728158761685
0x9e52Bf0F8973324721f4D4e71e913F172074B6d9,0
0x28b49D24d58E165ac8cFe1e91b2027FCC716aF12,204148648133274862688
0x6f0027F8A34DeD28A81E78Ceefa5d03D90e79941,61300212957692897555
0x19cF79e47C31464AC0B686913E02e2E70C01Bd5C,7498502316444225854
0x3E5aF0D67C16a2a1d7da8c07a2fB418b3d3dF383,0
0xa116d790B6b498d71483810878FCDDa310f2dd2B,476518479642106980875
0xAE91CB00C413A8D6089Ba0bc8bF66fbA47A912Ea,1341270148840559095
0x224fC9e322E63C6eeaF3b9C518573328BcD140Ae,1755937879351258450
0x5CC20F1b4b12DFC8276D45412B9f7FAb8485B9C1,5818821992347201195
0xADad440628e65Fb6AF8C2d919a5CA19B335a69bF,126693932976243289
0xc466b374F70C458fCc99eDD980B389eeA8B8C36A,9224165495760688488
0x3E021c612b12b4c2B8A37B3A1b704fDeB302BBc2,1397837921011202827
0x8d6dDAA362d1eAd00c4ecF63e69BB53B47c8Bf1E,2826396218767358970
0x744012275161Bf09454b3F71426edc6a1CfE7DfD,7369589221514867250
0xD7A234B7ab8B635f55B27341410e253CE9D3af4B,332124910473783091
0x1d415fecd7554d86cb5D75F8017Bd41fd4198123,1956396966148235547
0x39599378632a05eD88A6B3F35E0423D50003C7AD,5082004040789305671
0x8f32188b684ae7Fc0734e393FF5A3E7F803E5F10,56880538289065188755
0x13cB009A280bd617ec1C9dB97A2584A90F0b23F3,0
0x466C65D05e810bCAe50f2BF73c8246041131A313,14435358090955699960
0x562a383Bf90027037fdBf314C91F8966908B95AE,0
0x1e7bc5cac3a92Ed4AA079731D8Fef0CcFA28d90C,204634548933682649937
0xe48fE6012f97b6A13C0Ce5cEF314cAF66E972deB,67061727758336761
0x4C8397f58d62E3b8fd1Fa47Ca897672561e5b0B9,0
0x39D8b1C6e1bb28725e1EB64455e49DFCfCBAaB49,9788155851962766743
0x90e194675e7B43FC8b8684a474329630bcd52d7E,39901708139286666388
0x92292CA2149d57D75d969FA54E503895F4919DAD,217194478984831204263
0xEeAF3BD19eBe8823ABCc994538A930ee37A6dd3B,98662779253572351
0x4d5eA105DECcFF5BCd373C31D742A455351A663B,12815820315982385042
0x0b818Dc9d41732617DFC5BC8DfF03daC632780E1,0
0xe242FFEC125230569c592e26DeA977E3b880E966,161843371079446449
0x55d83B885d1D59E8c60Ea2705d358ce51D3750Ae,4108331481771731396
0x951D8580b06D2Ef3D36E2209c4B79a37879950E2,195706415485129667
0x7F82e84C2021a311131e894ceFf475047deD4673,357107483370257504
0x2669A693ebdF20b1333dCC8Ef892Fd9AE52d3aE9,3286952563445184471
0xC997B8078A2c4AA2aC8e17589583173518F3bc94,56771747419598005605
0x5496E9335C655ca4A5C5510C2D08DA75e19cfAD0,10298367996284211377
0xFcb66c281aF9ad2FC8358c0a7ac75e2B95bf0D8E,2121596339032953329
0x076B6813e7b060B18EB8cE37E2ED7A0a38C57CaA,98034966623329631603
0xd1eC58495dFdC714297918418E903A08106E246E,99975336364627038001
0xE8ADbfEb2112b81f640df743B7919C3D68afc078,5413634614212084260
0x08bFa0744df010d3EF6E0e1636C12b89b91dDe07,8249715136305319824
0xE8f201e92fa8a8f11C3d086BE017189792a7B259,0
0xd657860fC512EC2250A7385A353f599e3276FDDB,0
0x58D58008a506D6e29C9e57fC465Dfd6C2342cf5f,0
0x2C668bf97300ae0FeE611bd5510AC46c61b07a17,0
0xd1B856ee12Bd00922cae8DD86ab068f8c0F95224,11886067152920929908
0xD7a4FCD99f0f5676c09728dD9F846FaeB6e72F8E,7624438305875565074
0x092314c3c7AaB1F890facD3cEc28CB3a4295d67D,0
0x83b23E8e5da74fD3f3E5471865FC778d9c843df0,0
0x4Ea07591d542d702b78CE3851b9773AC14E14b09,1890760179850195571
0x7705E47BD6Eb6Dc5a11aA1839639F3Dc6E1a6EaF,235248645294803533954
0x2EF307aDaB43e3fa236F435a6E39d751F7DC2f9c,138588991343180791
0x875E0703B59F4d96EEB94A3c6B03D99db949A868,0
0x374C5BEb2Ded716BC3F846A8C88FF42C4012B9e7,6030023966689133594
0x962aCB342148E34a522C3B09997932A7Bda27754,53775994035716742357
0x84dC61E4899c376014B269c4201034ba8362b1fc,1953626949228121644
0xCCE15daB72f0c54014f2fE8ebCd2085D3721Df03,0
0x255Be6D417D25d553414fb9608EF6303af9EB771,79916410403750264844
0x0C87652e7263C73137204164297e18FC186a144b,326697691502116451
0xb2B5EADD7a2A97A1Fdf9f67e53b0Bf1B03a9cB37,27422815062310415044
0x482De4F12D740D428101c24293381eB721F1CA67,790906403619537709
0xDbD9d1E5742DbF471F6F63d5b02A7382B4fEf151,0
0x3213977900A71e183818472e795c76aF8cbC3a3E,9477819062177236770
0xF21e1b63Cb07DEA99C16bf368A9e97A58c3a3fFF,223010317796623919762
0x896d723154eca634E5DD8A5D3EE76A4F1E9bE22E,0
0xe7e4CA8b310C0d0ea900E15E4f43ffD9d25E3c77,0
0x2D45423C62b5c569af737B8e0816664a8612778C,0
0xb4F52f97E6891a7A13320d19D1dE26abE538cfE6,1794049210721519392
0x694433d0E6B3164d23fA4DD279e67A3cCC63670c,23125738736782209809
0x681C11c73e0777079f4c489445B46deCB83ab122,4272475702753414290
0x474E5a5F9cFF448C43e366234eC04CD98851badd,1923328130674327213
0x72d395Ad477aa50c219905181e9DfC4020539f28,0
0xa9fB3e29B7F789faf8E2656bfc7F9BFF2ED766e9,0
0xe22bBEEb930F08a8C761FEe9eed0D9E97727B734,18923815675250583856
0x4dea4C40c5F9Daf5ebda2A114B26767A1C4b650D,0
0x085f66D0764c632cE8c1f2a41531909BEF106C75,0
0x125442956d5e34ee274253A0F32354b945aCf656,6923815599252926839
0x2273aDeb7BD4594eBDAdF0D5d0921964A27c00B8,17290281276453199422
0x05e210e10BEb566B06575848c1483980A948c396,0
0x0A20507fC1a33CBd15C5FD5197b259Ca644e7769,609624565935802040004
0x821020d081652Df0A704822897C1FA064963304f,27823961225629193419
0x77BF18CE6Fc981927f36A20C051Ab74d3dE59533,403766062423917159
0x7338afb07db145220849B04A45243956f20B14d9,49101603625793073086
0x2117Ab5Cb1F6eF3ae656Cc779DE060A75FC8198d,12994313091106100316
0x3fBDB2628a375F1fCffd53D081C59f6B7774DeD9,1701708147053891962
0x731b08094A2Ee0FA58faE40FbE443295cEF8C035,0
0x224e69025A2f705C8f31EFB6694398f8Fd09ac5C,0
0x85e1d8D001E50f49809458d42F7Ee99e81a986ed,1460301168782295507
0x6809B801A6E483a44720b9f0b009F1eFD43b1A4C,0
0xC7869906d9A03f9637C880746c19875b867232AA,0
0x9cfA2455Ab78FABE23651f10551705dE03a60533,1723825364172159012
0xA5BD4Fa2Db60AfDf5cf57c6C2Ea40BEEF982CAae,0
0x2eD4F3e447EAeFccEe063B498Ef812e12D68e111,19289924278374112902
0xcEF0b1BbEC22eDC3D07Eac2F5f1053359A96A5e2,0
0x46EEA8D5b37D2Db51f35c1bC8C50CBf80fb0fFE5,655797129341072453642
0x9F4EbCb22447C64A21C687C1DB6849eC55B8F016,7085744512882694142
0x08ABa4A72D866c1fC1dDA72508E0CD47388304Ac,0
0x8D216b875b5A1355e5938cDEF73b503231A81C6f,560195793597262097
0x13AB5e30deAc9CFF34be7cad126f8b464A8b7450,2125565498860852286
0x2c35B3d207f745aD5B17d88328286c49a0ce4D4F,36602064473445647127
0xC1C68A92B1D73642269075d1dc20c81B502ae11A,6724324084557904508
0xCAE291e9c3aF3B99dC5A6Ca5B691624BE1A934a3,2724082355077549630
0x324401032B8D6b056F2f88390A4f050fd487DAd4,1026698354667525085
0xEaFdb718c381bb3b5BD20075e423e52E156dF01b,641267603047802192
0x70c193695CDe1A3d1c15A01476041F0F0051bb02,292874109255856353
0xF1b98463d6574c998f03e6EDF6D7b4e5F917F915,0
0x5584Ab96B25bfa81d1a518109238bB39108fB20c,0
0x27B059495eA5eE03033226a231bCD3BF030BE0e2,309731052342778894
0x786f7Da0E3B75Ca98709556A1eFe9820b4a301d2,81548984606315162282
0xfAee3e1f69c5AfFDBF8b9cD1C1096dC966AC4CA2,0
0xD390AaE2A074CC4D6952bB75c131505e016c2b68,3306084765164718699
0x29DC6933ebE463C634eab9B2B9F1DC93727ECF08,0
0xD7C7eFF84dcf4a129941374D9C29244021B7125e,0
0xab2b4e053Ceb42B50f39c4C172B79E86A5e217c3,0
0xB4079f1e529309Eff78F634CB1A82397547E9D30,0
0x0bd43F463074e731718f970C35b3fa7c8184c642,5084591295577962453
0x5c9bB6A626E6af70e4Bf8987984246a4a18D9862,3901996121847719504
0xA2b16c27c0766A1Df18892F7b0413b4f5806ee4D,41016965389150424512
0xF432A79C2B39d00885BB56f4036baf5C4cB8Bd33,250783199179311516
0xAa0a56e9D90d0D3c9aAe2d5E6b854b4ebc331790,0
0x47e69AE06f43aaf165F022A45Ba1112476034F8a,1340211061044672167
0x4f3aE2fe9065981813c576712A40f44D2D5147Fb,0
0x127e36C12B7a68A685FEc27f752D82B4171E57aE,1782947788367025987
0xBbc43CF94Ad648d6e5C547485F67d0cBb8AD7420,92547281855825387552
0x74DF542204Ad5916B746C18a844CDa24F064b2a6,6470065752495100687
0xcBfa2d1c0aeC49b93F5A3dE77566f9F3EfAb4881,0
0x1CE7b9eC0783B093246627EF628a834B2F9a6450,3556641152468778057
0x98f2319aFb3e95d05D90Fe5720f925dC17deC675,0
0xf48B4C067b4816dbC0A65333E9E81CA6D8a17002,5443180044691221729
0x81facc69908D9C1188280fBB2793567De39f8f9B,0
0x61A4BdE009362B6D47D735a969Ae081E4375C353,0
0x77fA7733a6d0DF32e50B680aF30f3dA45BC5c6C2,1042105701280179112
0x6f5a8A35fb10EEcEF9128f407a0fe67B898556CF,0
0xfD2eD0526165e7eBe08B40FD26dbB2E06c1b4376,0
0x3706E6928E60d34b3b9131c117336db6c74bcF38,24498495030662501431
0x1b6bAfA6FA51500A35c030Baa82479Cdad4F316c,0
0x88696C4985f64Ea1EBfb9E46c1B47197F7a244AB,124292665144028131768
0x666663548E95e9bF3256F45104cbD14c164f0034,0
0x327b9dEe1830F8201efa751fd96F7B1aD0b300A1,1886749937370139629
0xF7e94C3C9A33f146CeE24a587c89b64e7b2df2E9,36636561293711830442
0x25D88B1232bAfDC6dfb7fa6841470048b77d0A6a,0
0xea5ABc1a1689984EbFDC41130886BdAEB5c24078,16423090142109312554
0xcD0E216FF5C395320f4C817B9b261f1a2a36Bbd3,672111618548833177
0x9074Bc544768423c0D9C9a109C0063CD3bB1f810,49270903604831882628
0xb44731a0ed5BC519256550cA3920bb1D3b4d74d5,2830328230314572896
0xB9217ce76651AF985D9Df95a1a1c7c4C3a81d133,38873816742424855066
0xD2e7851DcE6EcC9EAE7027Fe537d5A55E9565f75,13348069997739070306
0xDE1ba04517c526199087B2390859a72306e2eBE6,5523066389139704533
0x8e5e01DCa1706F9Df683c53a6Fc9D4bb8D237153,1817816530143528276
0x7ecEf266ED9aDa13D97A18E1E4f630E3060c652F,4581970323345779690
0xf6095dB841937C926D3390A8e1088514C7613943,0
0x5cD1C9Be0bBE4294D70a87a826323958cAf94E4A,0
0x21C8dc59f2E9A11c4C1a0C310641968132c6b1Be,0
0xf7187aa4031b16644238c6c0e442505Df99bE7EB,79336769895416923412
0x6db5365a0F6Eb6824a0139F07d8E4d9580945BFE,0
0xD44d89259a2BBfF300F4c50ebE0B555Ce1c213c7,3041762362494169696
0x9E12c8F6Ca00c12186004Ba3F6BaA0E237814270,4902243527602365480
0x2c876ad44115F7CD985d8AEFabee0aFF2EB62f37,0
0x725Fc8fE91DcF9343DD80342A93E45F2923c7334,0
0x697999EcFC86F0bfa43235BCf324cC7f186E3D54,6475841212905584660
0xb2290986B94758450Ee4fa3D7Fa6510bb549A5d4,5938403314045392871
0x4277525b274860B050129bF3d64e456ca3345BC7,758547055245582184
0x10d0739E251F5c212312d023c9fCfE0fDcAfcA23,928213403125599964
0xe6d270680431B674caDd4E6C13bD56FDBfd6fBad,18080215806794984716
0xa47d3FDD0EaB701a5C5fEfB794E538273f0d25d1,6197591656836805490
0x222eef670389407353f536662AEA3C4EaFd7b0a5,0
0x7bf1a430C6Be5842B4e81a1FF3e1430Fd7E54ABb,0
0xa02Be3fd82A57b6754C009D73922e6114E8Ec9f9,7938494614540744116
0x4763cfa50311729B65815E5Ae9EbBefDB94EC112,146349781747217736256
0x78F7203FB6fD646AC947a765bcd476F39a3f5f1f,10686502071187286093
0x8dC490643c58795e5C4Dfb9b24682Aa6d9DEc6c0,0
0xd6E9C9A8002C7E2EFc99E7acab60C442fc9DF4f2,32898633354571551440
0x9eA0f7C5915183ED4ea4e15f494C9b1a4695f791,0
0x5f44Fe1C8B5D0802edA2A9B638c6163aD52D633B,0
0xEd34a31FF890049E380d6bcD7Dfc20B0C2c3c386,126746825572550403410
0xA72aB4828c30A57fca91938Ba481Dd9dd1959CcF,2240965270291239020
0x973E162Ce2c82eF34bb886316375c2b10C037472,1046781403588229468
0x0520BB7bd328e033d92d6024a039dd0f32d114B7,0
0x66943316565fE60619Ef3517C9ab80072B71223B,6937049931393747900
0x4a215280446ffA9508CDF7cf7d2a8dAd02189Dc3,3019389237707227913
0x3937205f42F020160433fF76477ae2fDDFD35561,205166371655535544319
0xB06Bd4C8a65058F1a2A7048aAAf2600254d0D19a,355561053553415616
0x5834f9e0a6be1C80f97C83694f798dE67b247608,33526550577810436813
0xA5DE4e39cee256FCE43c2207A92F7213CaDbD45e,32337612682517636683
0xA4AC23b07c3E1Ea65B0310AB501c5935197D185B,0
0xCd65201698fa7AdCcc892DfF738757f0a7Ef78D5,206503192704181735
0x0D480B8c728a351Caf2885961db2BF2B7213B8d9,0
0x8a0659dE7Ba8CB8Be02e61AD7d1a8383f3c2F50E,11189293575495353152
0xAff5d67a7f8124e92EF10a8704C1683b3A9b8e65,38385448804619199258
0x0447e77b02348Ada1A0F0a83dfdfD2DA74e82E4f,1615454919660982137
0xd36c04f6Dc8eb30708Cd53527871d82080413c30,0
0xC48Fe7a066b46393DaF6784b8eC4adb8ebE7489F,264215354653065307
0x6c0Cf880cB20EefabFB09341Fba9e2Bd29ad3DFA,169855206477273430696
0x735680da8A6efA99cd2C37EDac0ceef756472A14,8531891067994590720
0x6a4e383aa9a666ABBD249399D33e331EddD9A87C,11725137469398064418
0xEc7710B43CAF145805e66A1Ea07dab954a2C20Be,3840788336275669041
0xc64844d9b3dB280A6E46c1431E2229cD62dD2D69,0
0xE5099Fc71fc1656464d817ec50C291b2bc079EB7,5590532815096263291
0x05a49FC8BC3e9B50c728f1da119139799eF20F42,0
0x1f5bbEf0722b6188B87b29DFf530d6cfb5A46967,0
0xC7681482c9b3213d15c39036be41A33a8083fa95,11035322365819328830
0xE3a210c97eD62568D47044a49755D5EC78892FFc,120209944189167607
0xa542ce14cE3C14489E74b18D7c39894335c17b12,481302692974942445
0xB12d996546FBc88cbc7e95426a14fBC0B1773EE6,0
0xDDc9b03b9a20E8820A9Df7782f0773F850722E39,2023716447356090790
0xE4cCa3F15F3EbA6013B32AdD5bC5B15483D6F881,364407293325362863
0xcFeA48Cf6Ba36e0328a6Ead0fdB4C2642D21c59d,0
0x8358Fc2Dd62c00C1a9Cd0fCB577309A4cead2471,2028808038630583989
0x77F1C07D929dd647c8614cDA248477481cc1b020,0
0x29BF02c855FaBE805C2F74d8f4be02d060e1306F,0
0xe9b3CEb891bCC61d7c22D28A29DD523a8dA92af1,0
0xBf891E7eFCC98A8239385D3172bA10AD593c7886,48210404149905087367
0xA8935DBD78Eff54d29088dC01D4b3B08cF3bAeDa,0
0x154c70b7B87c020BBC6F64c4f579aDb84799E9C8,6960952739622993449
0x0bE9a6D00d7768dFC751a0E8936Ee7ca8418B678,0
0x57BbCb3dA0b6983Bde4bD8B9c605eBC65fb3b06f,0
0x9b963e31EF96739a4126102E78C6EBdA1D2780bE,444140524439925665
0x44fae3dE4424709AC0fD7f581187a0519D606A28,0
0xaF9727dB19690208DB9DF2c9Ebfd0eF891cd30c1,356344476358657995
0x6ad063aaCbe19dCb8ad87EAD54B9839743B451eA,0
0x4232F1514899e7Dcb12aBA8F0a31Cc9D47bF400E,74926145969717723348
0xD86DF99e5e36F06e8A52252D3299e648C3D8ffe4,0
0xb26A6AE42bCEF2FB940F6bcD3A762c3430dDb659,0
0x97A5370695c5A64004359f43889F398fb4D07fb1,15481674765244164064
0x8d85114de0e28D55cCc33162b265a2DCdFFa3Cc8,0
0x53c1B80eC35cBca46bB2fAFD37e42c3b026F8C38,0
0x455D8cc938049f8642e575a06a9c863BcE9a6163,0
0x13B3A50F3947476eDa74FE191344524E2d2D28e5,0
0xbeE160a973813b3d8653174e40Cd5e9B2fAc8FD4,0
0xf040faf3A4F601E9647D87AaB3480470Cae631F1,123138729664821475
0x2aBf6BFcFe2DDf12342B9a027eC867745634d0bd,206800686420164347
0x07d084110eC4Effbe165292CC249fAef89F4720c,0
0x00903F96abe2743b81fc7Fcf4874c715A3fe1C88,0
0xC5720E9a26b93A1ae715e64c5885B11719186428,599499056224060866
0xBB030A0408EDC41F3C61ba3f132C06e93EdA68f4,0
0xFACADE560C19aA1927ae4EdEe886a2e7CA424B36,7054083135438532509
0x68f334603Fe78c0F28036205fEBFD6Ebe4992e16,558505664592678265
0x81a0c472063175BD9F14D0C11CAF28868BCFA819,0
0xe86763878aA887b184e96b90780a917248E88aC3,0
0x530dF38CA701262E5520854eF346DA4d1aEcBd5B,2632346486074008197
0x9dE8498a65a4a70793BE07f58e16d1db4F6a483b,0
0xEE56df6d649EA8C0F649FF6de40dd6a3984C2efd,0
0x9fDC55C8435B0C6b14f6BF54f82bE21d7E2B7094,0
0x1F24fBC913436488894c79bf3df624D3aDd579fc,474206103786133274
0x22BFfEfb6da1F90C7F8200381eFB47F894D46C4c,0
0x596888345c9e3c6F7d0F4E5d8590941E2CAb52e8,4835600414278258479
0x7f8C7E720c2A287EC286dFD13F4789efA5871671,590338208373398156
0x6740888Dad1A16931a1dcdd16538C9edD8c5AdE0,117871037850710347
0xfd490cf856122BE05AD6255be836E46A41F6d63C,0
0x75D92Fd417C886Ff45007b0688eE2B4Cf32c8D0A,0
0xe9d60556C4068830606c0aeF21f647Cf8E74c011,0
0xd972b276c682929e01E0Be95F9328CB56F3a31Fa,591118817572990917
0xC65bf49E54fEA39EEBFdf1e0a67B1F69069958f4,1567773481913288119
0x39F2f6633A9B8Ca0B24874B55783F47395bA2F92,0
0xcADe1E68A994C5b1459cCD19150128Ffef09Ea3c,2033719919461835157
0xCe6208894BCc98c9B00683A5676fd98c9746416e,804537168247938288
0x8BE7086C3B4f8d00d8c4e398655bEd05E84dE22B,0
0xd2D0B309132344Bda0c75032D794B1Da8d6144A6,0
0x1d6221b70e09AF34B2fcf873dB50C484FA912a28,0
0x83826B6eEBD5593c33b17AE4597a7a2c823F404E,0
0xac0a1Fc7a7Bda7338E67902E3Db84A70Db30BE3d,0
0x319Ca3532A12b367bB038165Ba37B15756E45688,7080335167343337080
0x0bF1fEe0f3DBb4031e4C12E2985df93F267D53AB,64338594550834208
0x52eB4bD04DeA22Dc589cC973A96D9e1f9E423c12,1269892289172890520
0xDB0956EB096fb6f9Af688C7b820d9f5C860AdF68,474319874120609438
0x88e137bd3C1d8E94162B48034b221335f7aCe9ff,507807359568557897
0x88157CD11DDbf36575efdC2A715427833331AB27,0
0x29a8dE1F5d87cF78dB0faaab6Ba3A540133f5acf,254130082757152809
0x0281531ebeD0d369E29f29bB4295be46113E422B,0
0xb0222211E7F6a61a7E183b482D5f98fc16AE16C6,65888211539225995
0x5dbB39B4C03c016F675DA811D1096139B17Bf192,2527748619205657526
0xcd70258A4dB7e8e90860730C3d730798a3D01d25,0
0x7FF50D24C87F3A4E0c3C527bBB563715cE6E71c5,106005507778511485
0x45b1827e9Aa31f9DE17bdAD0FE0EECEfFf086207,2911173165323362861
0x1910515ced2e66D40A093341E961BC92EFf0e4Db,0
0x5685A0d411E88fdf99702189506540807C0fd4F0,156489571712227271
0xC79Ead066Ba487398F57f6083A97890d77C55482,0
0x4745e8FbA927AAFF0eC90c3Dc1FEF05A4c4A02FD,7110742905460866734
0x132698Fcec433EA0f1400436f380d1099691E367,192619891202214031
0x4d1e046d104b8f5c864861E81181b1dE5a3E9195,0
0xCa49Cc398fd82904986487BB11DDD451c2f17B48,3555868067100607437
0xE472896ac7428223C2c2aB36b0Bc465000695D53,0
0xeFCe60762558E113395d48B58E8567c556D36f23,0
0xb04C4e33579C118A8b491C00CeBDf43cCEF8BE13,0
0xc01812c675E56d5D171D589721429E471c858e54,6265911738917083641
0xe21A06afCaA8117E01eaE2Ec379120030527f0bC,978797162124022333
0x6ab72b73Cb7BDc044B1589b39cD884b39aF700c4,137615038443098377
0x74761b2BDc5cE9263E4df92e4e322Bf2a778071C,310177744251082259
0xd2Da3A07Bf4Cd039D5f36D22F22b6Fe04bD56A86,0
0xe1880B5348FC0BaD7a4d81cFdd0140cFf530B174,0
0xfF3b6159232585173484a4B76cBc74d60E3d135C,71595935738217643
0xF78d4b28C975353aA6aE45c31471e8Ca8da0BA35,296819807552173814710
0x3DdBa0fD2CE99A0700cc5AB708684C8A5f64C11B,1252429417570676779
0x52e2cc4E5743983193f956E88B9fE247B00e12d2,0
0x759f45f8B1aC09b9b5812Aef1008cABCDCcEdCA0,36857128816815626679
0x3C53816c3Bf75d641430BC689f7a90C107379E36,0
0x618d6892C12d02cD91947862355F379cc0DE2767,18825030453583427804
0xfaFB1fCf2252A1836cB09cd5027aBd42aFfccAF4,32451840589537924
0xF1E34bdc4D2316f27a5A61E2d5679292Faf67A4f,2051964247979928018
0x4A401Ee7Fef089CD20D183fE2510d7BD38294728,0
0x560827493747Ac0b7e1fE1fA3044bF07d2e1BcC6,0
0xB78A290b75709AaF66EeA479263Eb7E9c238e536,0
0x8F688a91695F7D2a1E93e57cedcbf5c5202f617b,0
0x38F7Ae7f298033921037d3f4777Ac7988328Bf4E,0
0x1bf9A99Ccb84F41ABC33a33DD0FEF9eE57a19555,0
0x69d4c3151f1620F7ec7C50320023Ea0855C79B29,200878715055258538176
0x2b23413C163262fBF6aCD471E623574590B576F6,2298378754702583
0x4eD718cBed23fCb423E5EEa37e22519EBFdE8b56,346082020766564081
0x7723C45fb37092eE65202Db7A2fe562C5FE0Ab48,916207999985880543
0xCAEfd75AC57A091324E048D3cb2398A3C2e06Bc9,193897395755606878
0xa8C045e857c1c4550119B612F22c3B27ECE10340,0
0xbE0d1865A785915a6Fd47592f1e11cE3bE131111,0
0x9d0d91d9C4255CDDd5CD1e5d45F734E51175EEB0,20219031774964782
0xEF11040b023E2E0927aD525143b1127ca68242fb,0
0x6139B7c8c6C45AB685BEE7C3764f7d3E7391069F,439161212594903709
0x529Cd6C698e3c286c578b4091a2254383fF09C1a,32112311541239669
0x9BF586ceEf182E90924FA6F54580a6Cf4eDa2bC3,60564524309894898694
0xDB80C761262c495D7c11e7abE66770240909ea4E,0
0xc51E4f7AdA44ca984cBBbAF035b8c2f4672B751D,5107684277400011142
0xFfdf3eCBCB89A19870e251dCe10F417908A65FB1,1341394897423798216
0x8C270f234cdCBd30D281799b584Db3d0789E1317,0
0xCA2cbA2Ad13eB32990b13B89D1A2B9Bb103B0464,40507477591812808022
0x682033661F5e8121481691a2E1907737A1273A41,0
0x4C956623424394c5Dc4fd71F04BB28EE117b496F,2503536208947259817
0x7986295f3ccEce75718Dc94CB4686dE563cD3132,0
0x5b5BC8909F8F9F9f7406917c3775F629Af30418B,0
0x62526B5EE2DBD0CF05049D15289dcB25Db99712B,310300193275547540
0xc27dd727A68D34f0B688454AF9382593fC4587bD,4147006359641255075
0x506e18B04A8fa605fc309510af779a4F0C1dC84c,3306487181255655645
0x7d5Fb1350906513aFe4bcb44b5435441AB749ad2,0
0xe03e5A23C93d7bFc98755DB641c2321ea8555314,0
0xaE700d9d0A99e2d219A74b1FfE7066071B240447,1201021941691361130
0xdb4f969Eb7904A6ddf5528AE8d0E85F857991CFd,0
0x02E3f540bE055029cD072a46899e61eB0D8566E8,328375593178051598
0x7D6FC0ee4AA797e091Fb1f67bbb016B0Dc5820fe,0
0xC6376540cF443d22CC3c697526BeE1F81401e61C,0
0xC428b5C25C0c8331C9067f14Aa56F48D8d1bDF20,495584032267161989
0x4d4eDa310B5D62f02983a66b3EB1901c49326068,0
0xd35c370Be1B92262cc1Ad8Dc310B60f5f020357B,286904142973576333
0x3890C6B13De444029c30621e911F0D5b2361810B,523312830576834217
0x9ae87514d1892E28Fd9ad86eA53Aba9BD3f0B16D,0
0xc529da19fef41B4d4cDe18622Dfb2fDa6DF50e40,0
0xc9C4E2A97a11757008984180B19799Ca66BA4fBC,278471783698644872
0x0fff37da7403A3C997D7eb5B745e3850cB5358A7,5260644540777747130
0xb6A9762b63E18aB517d36072D74a5d046d023D63,798853664209346392
0x50212068f8968B5cE25aCdf662f030635d1AaeCb,0
0xc45b3E05102A17eEc215d17AFb756F501552B5b8,0
0x0718a976f3055C0b1E69bb6f2Ab6232caf99aaB5,0
0xC45d45b54045074Ed12d1Fe127f714f8aCE46f8c,0
0xbC0bf1494D9b5cd25fa326BD7550159823A5BfBd,0
0x61c4a9107de33e75ED6FE29550Ae2cc29cEd2264,0
0x5FFb763f69217C8f210150BF6E319A68738174E3,780525826696616836
0x09a03e511835ab32f7df63bA38b87cFE62Db8d02,524469495614420433
0xd15746738d8bD463Fc8Fe2C3eB847b76a471512c,0
0x893A83F5521001559883CB9682B15439C023E54f,843586595400052787
0xE827aA176eE87D4E9aEDe598AcAdaC9d5F9Bb00F,0
0xdbaF06e16A7f1D997d61cCCcE5Db252a25e519F3,857582902823511043
0xAA9EC5fC13f71d7b2998419E3B44f28b118b8224,27262374746465191563
0x7cB99707C7EBD384dea6c71A5028B5f618cB064C,533751340349803504
0x5B705164A2e3579dD7E2C1a0Ac8332ae53EbDF57,0
0x6DcE5729b6B692b3E4AD6EC9afEcca07e17341dc,0
0x264c2a9D29e784F784fda2608843BF7AfcB96494,0
0xf486d56ccE70c481b3455aF901fCC4F03FeE8107,0
0x0c1a3E4E1C3DA4c89582dfA1AFA87A1853D7f78f,0
0x0291eb432CB4a2613a7415018933E3Db45Bcd769,0
0x1649E2A2D94F25CF07CEb99d3C6e39673bdC4fA0,0
0xe3C5f195efB34d723543d8Bd5BF85A910a22852e,0
0x08A066431C8280AF17D6C06d68c928B4C9D7907A,0
0x44683AFc2158643e9c9e0bc0D0FB398E5850a3ca,0
0x0942086a607b12Fe0Dd5467620E6231C354bA175,0
0x9466ebf24B2761FBa6CbFd7F93d306c017325dE7,292619446327934458
0x63C5c5a49c2C24afbCfBE1df60cCd2c6CF4ebAAC,2344904890557894072
0x15977e15d7b24C76f94D2902970e0F0EEDd78618,7544100278026572937
0xbc171Ecb5b479B354e0845EB3f28F931996FB436,0
0xd151a10A361Bc25A1fa285edB0CAceEF4AD35122,5628219158354927481
0x43c6f07acF306D178a1849c225B67520129AAF33,1591878576967243416
0x91a332F12e51a5ab2b343c6587189969b533F55d,321364482466135242
0x5E88ab690E899cA49cD484A1139F94ca8F40f8f8,2823675506870322833
0x45EB4536b9Ed37A6d54933cA1Cd26e7B75A1fEb5,0
0x4e3b4C69EEEB3DF8cC057f24521101B2D9De4B00,823711835113401551
0x572830f18f941Fe8bC92f2f5264Cc974C03E8CD1,0
0x270B2dD38E866C33CD3AD452A36C2CBC59e4c314,0
0xb9Fa876449460d9433C9f78e0a2EA576D2677fC6,0
0x1F7A20AF62cdd4B242C02F2086BF1441D2d44789,3179578661688131846
0x99D0FCb09118A6e935cDdd90f74Bdf994B92ee04,0
0xDaA95A36D6CbD4E58A89253d3A19E26b067960C7,3606728181450464855
0xf98A9b0066d255c53A5aA92779aea02C052Abfe5,0
0x646969684d0c11FD1Fd6c8b1e26fa87DD114d179,2591804682661922359
0x044a9c43e95AA9FD28EEa25131A62b602D304F1f,7225554886621299631
0xE9537a222A879646f8397e02E33b3f9919Ca64bb,6197162184210725
0xaA63b6c5383781d7Ae6BbC4dE1346061dc5740D5,0
0x324A791b30F756c679072d8Cf5e73F4F637beC1F,0
0xFa34DbB8258B64F3eB932C7fa6bFeb9cD8e47BaB,0
0xAE0975DDbc007A21a74e6050Ad26147089810b75,0
0x021857c18Cb6270bb9f784a254a012d4f549CB7b,0
0xC08b19b0Bd434Ea7cEC94Ca768A921960041da65,47844236341913774551
0xE7f99BB72552F2bB32f7130962526aA444C4FADf,74014160610491969
0x638Dc98ebB4228dBd5e5D4B9a2239Eb30bDe24c0,0
0xa0D884d99316d14D7727A6A9223A8266A4595468,0
0xAd36c2a253dedD7fE5a79cD0841dc078d7A093B9,0
0x53bf219a32e1228Fc48C5229880D4FA88b75e2d4,643488114092449177
0x844193c781D7C7ce8f3bf779Fe8C13ce09237D53,0
0xed80e93e08DC71da930fe7458A5D87746b120C87,0
0xc59Da1Ab7159adFEf4e2b725C3894939df982F63,20427623493672579122
0xF0bdf3AE4f29150D1515Cc7C288Fcbaf5eDfea67,679233505371621360
0xd1C4EDE3110CE1Aa5AC927B7f7a5b4Ba7007e4bF,0
0x67dd8751e6f0d0b50eDC0D0b79DeA7E076Ed5Fae,1814259923289824183
0xACDE95dFfE07De312137816DFa3Cf8f44191f37b,402206550985319397
0x6dC8d41f69D8AD122E441A7977D1062D791A6Bbf,18571207229053668410
0x604E46C5956A8352b114E03bec1882cCf3177a56,569427304630590267
0xc807bfA8007D68C45D16c01db488513c0629DB50,0
0x3070C3499D3233Dea493dc86E5aa9dAF3ad1bD83,0
0x9E64B47bBdb9c1F7B599f11987b84C416C0c4110,181305102625333209915
0x963aD4Cc7798601cC36526162FDa203C21E90872,0
0x53FC8954cad03B73217d8124eD25f80d6d43553b,176414581986839397
0x7fA77093e83C9292C2357ea799AC2C57EC138203,0
0xBfBDd332099EAFfdcD0a8F24bd5D907824AAc4A0,0
0x195ba3C86fF1C4C1e08CA7bF65694571203EeA57,2451903211142379118
0x0eBA5e314B660503b13e47B733300D19d4648f06,138691479193326668904
0xED341Adc89E456214Ab768EB0dba6BC3D8150adb,1220361831540540272
0x83c418D2eD6670785330B996b47a18492b61e218,194859319318454044040
0xB997887bFb6DDcB188b5f3693A15b3111F2f791a,246073320207132973
0x60cdF15cA5da9A31BfBC171c7d97CD5057E7Ab6e,0
0xC057474Be99CDD42e75cE8AD11a4F86bC4e1218A,764610195078136837
0x2a438562bAC044C0862c51b27F51aAA80912aB23,171100685123414351964
0x12dc5b1E1e124B2dA9FA339e2F0323be1F180F04,0
0x68c3494bAd6011033d10745144B51890861422E9,468091641217193173
0xcc6E89ee06BFc50bd3D6E8C4d48D5267F4DC8363,937158040396376964
0x3706F5754D41EFAEd8e70d49826F035fA1b0c328,22389949157083941543
0xddD6Cf8D3e028c37bf88bB173624deD9689657Cb,0
0xe609C6B07CdC6Cf1603d60A40E59BfFc98AAFB5F,86763630207293077
0xF4ddB761035f0A8BaB16b4387477C9BE140E57B1,2955282945806941485
0x06F20222c5Fc7B1878af795a25AD3F96A8D73bc2,14137717818145342437
0x1FEeBBB8fe778Ef5bD150c8D5621055E735883Bc,1391517276346787789
0x953448062CBc361c4a49144bd1D43a294E4b61eb,0
0xf98422e116DCF9b4bDc08818B0c9B2F2924C8Caf,8597242152787495959
0xE0E216283eef00895b6ABAa73848448596B85724,701329383557076990
0x9ADA95Ce2a188C51824Ef76Dd49850330AF7545F,1340533024539892194
0x887F13a2Beba78391734Da2153d72C7AeBB4ed63,0
0x24Bf68Ce8d20EcC0B0f514aBCE57E42D801649Bd,0
0x0639dDA84198dc06f5bC91bDDBb62cd2e38c2F9A,0
0x9897Bc7231492CDf163BB81bFF10A5919a73d132,722926326598996335881
0x202d828D77d3B0fA8f0a4a04128E9Ff08Fa86D37,247458297091328148
0x9598D16E3bd123D0D6c36F60e26c1F793500a812,0
0x56cEb1255Fea0B3eB36C236baD813851Bf403E61,2460292308751496127
0x1ef76aA81C6De6f09d2E09d320d5007127AE3a06,0
0x06C5429Af470d8f9Fc3FD522b5c72135feB4a4b4,740515948115472130
0xe25eF0605BD48B43F6aBc8579B177D8BE1114B97,5002741960771455254
0x106E515C1A5C61FC22e13BE7a66AB8bed3ddE2E5,20348525313418631517
0x2d53114198627E085cF2169b316738b8A9109C83,2974049568400985457
0x9C9411Ec47a85DEA243FB605e1743CcD702d408A,512178402620406438
0x182A7aA2a2db368474E64d690b4F8D91b6673F3c,0
0xf3Fbb2c0A711529eF9b81fE59a5Ef5b8f1E0eB27,175327707021796299
0x66A2C7B0d4Da7E699f6dD27f89b49AB15b0A51e8,5904934243686478672
0xF5f08Ba7F46e2a86b5ef3BFD56c2097C9f4276D7,490114716182143232
0x2fdf502ac2f054d5983A4a4ba916B2F2d4056685,432105481267258260764
0x077E88FFE6F64FbD91620587DF23C88282cb3711,371592049238711161
0xf4d430dD8EaA0412c802fFb450250cC8B6117895,3911441143005089209
0x113afBb79d4F532b78a85aB13Dfe2DAe456425Bb,30282637096375562520
0x2043D05567F6Bc7f8acfE493480A8320416a6834,83787470126235835
0xeE2b95F59aAc7137321139563Df2Bc649693938f,286010038910452937
0x3295192f172f8bBba2B045446c9A69CdFa6ae593,337716719617621659
0x0945260089850bc72432072501c6f545F6b64Cec,0
0x3a842f600314a89Eac33191a6836dE9F265FA417,8278871070259397110
0x5819A86710A0354523b9B95E75bE98656b85016F,477373771429124587
0x9104ae22c889d22FdAE33eeE7d7D31d626546cE9,41585164141070673296
0x23A082d306883fB2Fb83aCD54d1276A7e8d40a27,248452178595593664
0x0B3427E890d456bfd618172d8ECa2eA3F3376BC1,181093214321377024148
0x9F50183812BF7DAD0967e6CB42aa041919c13026,1065618404755391420
0xAA7C08C3f9805326Fe596221819Fd20a2afb6642,0
0x24BfD1a732ae5745E72C012c29013c955Fe565dF,0
0xE90b420A71e16376260f9e733da6311D9430a7Ec,51941684406952580802
0xcD79272e57a870c0b1f69a8C840244364C4a0260,2425421656797661015
0x4A05773A9b48Afc7774181F3A85FE762d91bdA27,51587032365911630
0xAFa68c587EE9f46cb58689f4f2ce9DA75077dFC4,311023425678857191225
0x977AF97ba8DABaB40F0a9A55eB5aeF3E26848596,0
0x99060737C0655B7d1e708267bc5Add8c03866F72,1508871823314410652
0xf889B1D99b440AAa48839D7032088d96f7b3bceb,3615631161601538259
0x39fc8b3eC2d6D5F8F3Ac4217Ca0199d126f3e5FA,5921804394364189572
0x0ef6E547DD86de09F0E8eCE1E5A9f5cCB335aDE1,32101337037621117236
0x52D4E9c6b23cFAfA13938034814AcdAB895B6848,716975652696990764
0x8b783f148705b582D9550A7F924EaF4294341eb3,669986931422426587
0x9ffe669C32cEd95a688f381cE85F82b71AD7bB73,1779306017473902668
0xAb769309EbCEEDa984E666ab727b36211bA02A8a,216581873005156836
0x42203EFD3903144C7B8E326b7E05A1274954E5E8,963637255529417485
0x067C56efB017eaA5F6250A6E2A4a77dd455bA040,2125218824088465260
0x01Ee57dD61b7c139eCA63cacEd3dF62143cE6f5D,99890352797077015317
0xFe361a1d0F58D01F59c555410Bb2EB6c419d77E6,0
0x4a8109aDD38968e507F99EeCa309Bc0e6d757193,1427541740039402145
0x34EBb18bE5022254e4E517e1af4E3Cf9d8557a7E,0
0xa89cE721A4a5DD6A213F6212ce216b6C93F66078,0
0x3d8377DF40104140B8E0a60C3ed1171084D80dE0,1907616613341878907
0x16eCdCc9E58A9464f433B5683cd4D1e8E9713Ca4,3280459341728528903
0xc5BD838Eb346bdEa2a4773037374a0ec1243ceff,572506735478858446
0x025f6F7A61bdf9Ab5E59ceE7a3026F6c6F5b488C,560918976940010917
0xc86cF6248cE599df48Ca04B058c9AFA7aD7C8509,396779702660650132
0x0cdd61Fe995b50B7881bfc1b08221066266fB0B6,0
0x201Fd463114179a87Ee40193E1ed94a3fb13291e,3278120957834470060
0xf52950c0056E8E48B360552B415D582B64924444,12680229678277498287
0xE1B985A53138158f2A767abC378e935775baFa6b,1408325237038167874
0x55b2866838b671280Dc9f2DF624C218462cB7fDE,7728595819152762041
0xCc697F834f34A0C39Ee670e3F5E7480A6f2ba8F6,4467194354538015831
0xeCB9111e866b7A71c3b3574708Cb18fED5a477be,487388904196914504
0x212D8E4f8DE70E5f3684DE337bb42E08b1c97822,23220388676379295529
0x210462Bda203844DFEa3C875Cf47699F457b33BF,0
0x88704c197bffB5C69D66eedE2f4684BA5d8c8fB9,562617164555566869
0x96DDF4Ec46dD3B510184FBc24e2B727ea1703a02,134124723815078373
0x033C9F336F9b7F25CDA00B97Fe299D1b9a129908,935293005568010408
0x4bb55e4fcE1FA8B20EE1824003AFEB77E4F0E699,74710145213288794119
0xDc29f02271C1c26D0A3D2B27871D41586E04Dbd9,3817287288845722688
0xc8e206C0Fb4C1C17b8C53EC4aa8f049228eb6B16,749217108307350331
0x746164eEF43f58F11f6e86f6E4B08F3D3d4d2721,1372369530137822063
0x7feE439Ed7A6BB1b8e7Ca1ffDB0a5ca8D993C030,28889629906722146940
0xAA2a47D8e4f9a98140F36BfbB6427F8d12ff16A9,0
0xFbD7Ef5b92bDea87cef5BA8d372130c7cc4fc323,2203219211748481416
0x764f4909251F81976A0A2DCeBcE95333e4C27517,8054218748635266694
0x61f8C677d437910eADCAf30d780FCD1FC407ca94,7810694926214799776
0x2ce03CA27485CbDB63CD92Ecef5B9dA9fd2DB483,562596551411884773
0x3a85CD196D72872d89DdE1ea1CCcD7ceEB30802c,0
0x982619D052eF29b4Ff48c55153eABe8742418046,869100958660795247
0x53F1dc04587aF2f5f36E0D4B49c9Ab547804C479,261605235279468322