0x55b2866838b671280dc9f2df624c218462cb7fde,47.785813053996559158
0xd44d89259a2bbff300f4c50ebe0b555ce1c213c7,19.385132222492772885
0x638dc98ebb4228dbd5e5d4b9a2239eb30bde24c0,1.423866552613745759
0xee56df6d649ea8c0f649ff6de40dd6a3984c2efd,0.0
0xc01812c675e56d5d171d589721429e471c858e54,39.816744575214450267
0xbe0d1865a785915a6fd47592f1e11ce3be131111,0.0
0xcb09949684c4875c2193a8c78f39052647e15759,28868.942453943387258378
0xd2d0b309132344bda0c75032d794b1da8d6144a6,0.0
0x82886ad5e67d5142d44ed1449c2e41b988bfc0ab,9045.271057080859570206
0x3937205f42f020160433ff76477ae2fddfd35561,1341.443928538915661806
0x106e515c1a5c61fc22e13be7a66ab8bed3dde2e5,127.663347755139213901
0xe827aa176ee87d4e9aede598acadac9d5f9bb00f,0.0
0x477ea3f48c3d296eb6ecd42c2f69cdf28eb622bf,36.777749723659466089
0xe0e216283eef00895b6abaa73848448596b85724,4.328325621993624218
0x9c9cdee36f3080c791e4c1d046992a72a8e01b66,4.234360458627903823
0xb59cab7deda495490d6b9eeb518374a0521fd76f,440.648470375973875296
0x2a610f09da41da17b107b1265e42d9cef6b8fa94,183.275051402542619128
0x8db62670724849729d9e9def76708b477d2c8c48,55.484927611400423105
0x72d395ad477aa50c219905181e9dfc4020539f28,0.0
0xf76432b894e8f44bf154859662f6eba60394d70d,0.0
0x1bf9a99ccb84f41abc33a33dd0fef9ee57a19555,2.579732967210223591
0xd8faec528b9fbf4fe3226d6beb8b14a4f9bad655,0.25073674621678536
0x50212068f8968b5ce25acdf662f030635d1aaecb,0.0
0x44683afc2158643e9c9e0bc0d0fb398e5850a3ca,0.0
0x7859aca535f91b8dcff79b68e414e03a9a79a8d1,0.0
0xa8f3ea37bf1bfee12a06dcb1cf14caa1fda4b879,0.0
0x764f4909251f81976a0a2dcebce95333e4c27517,0.0
0xfd490cf856122be05ad6255be836e46a41f6d63c,0.0
0x154c70b7b87c020bbc6f64c4f579adb84799e9c8,40.714729411049677875
0x44fae3de4424709ac0fd7f581187a0519d606a28,0.0
0x2d45423c62b5c569af737b8e0816664a8612778c,0.0
0x008d63fab8179ee0ae2082bb57c72ed0c61f990f,1096.765941203231619873
0x6f5a8a35fb10eecef9128f407a0fe67b898556cf,38.163725880770644705
0xda8b43d5da504a3a418aeedce1ece868536807fa,110.966866712510186796
0x81facc69908d9c1188280fbb2793567de39f8f9b,0.0
0x70befcb944275e3ad3a64a6e1c9cfefab48b3e2a,148.291166026406321808
0x587157ba5cd0dd90f0b8db05be44d4731be79458,0.0
0xf4d430dd8eaa0412c802ffb450250cc8b6117895,9.529842799820019639
0x529cd6c698e3c286c578b4091a2254383ff09c1a,0.203134278447381672
0xc45d45b54045074ed12d1fe127f714f8ace46f8c,0.0
0xf4ddb761035f0a8bab16b4387477c9be140e57b1,18.560648053254809885
0xc466b374f70c458fcc99edd980b389eea8b8c36a,63.898860578135412269
0xfafb1fcf2252a1836cb09cd5027abd42affccaf4,0.205067087215866665
0x786f7da0e3b75ca98709556a1efe9820b4a301d2,535.807592301328549972
0xadad440628e65fb6af8c2d919a5ca19b335a69bf,0.871766239090372338
0x3706f5754d41efaed8e70d49826f035fa1b0c328,140.643771536940092041
0x34ebb18be5022254e4e517e1af4e3cf9d8557a7e,0.0
0x3b99e794378bd057f3ad7aea9206fb6c01f3ee60,0.0
0x77f1c07d929dd647c8614cda248477481cc1b020,0.0
0x5cc20f1b4b12dfc8276d45412b9f7fab8485b9c1,40.289241071522379101
0x820803ba68e40b3d770496fc9ef2f1d33c7d2ee3,336.795040953793250602
0x951d8580b06d2ef3d36e2209c4b79a37879950e2,1.349997078237049089
0x88157cd11ddbf36575efdc2a715427833331ab27,0.0
0xe22bbeeb930f08a8c761fee9eed0d9e97727b734,130.213806087905139799
0xf39c5a6dd3861ed036fd637084a7d87f329d86bb,9.160704560691159433
0x264c2a9d29e784f784fda2608843bf7afcb96494,0.0
0x076b6813e7b060b18eb8ce37e2ed7a0a38c57caa,671.238159024648441844
0xb44731a0ed5bc519256550ca3920bb1d3b4d74d5,18.412140104381829839
0x08aba4a72d866c1fc1dda72508e0cd47388304ac,0.0
0xe609c6b07cdc6cf1603d60a40e59bffc98aafb5f,0.546645766873975508
0xe472896ac7428223c2c2ab36b0bc465000695d53,0.0
0x0d480b8c728a351caf2885961db2bf2b7213b8d9,3.770046358382464548
0xd390aae2a074cc4d6952bb75c131505e016c2b68,18.949180230917025828
0xb6a9762b63e18ab517d36072d74a5d046d023d63,5.038774078175640405
0x5c9bb6a626e6af70e4bf8987984246a4a18d9862,25.443432692034113971
0x9104ae22c889d22fdae33eee7d7d31d626546ce9,211.402893058974865327
0x5524ed1e6d6b8e8f28a0cf63196eeb0255715577,3.618759613395985687
0xcc697f834f34a0c39ee670e3f5e7480a6f2ba8f6,10.883858874407874919
0x182a7aa2a2db368474e64d690b4f8d91b6673f3c,0.0
0xa2b16c27c0766a1df18892f7b0413b4f5806ee4d,140.926562471824818224
0x0775ea2a88db33038c4069e41dda8d963b64c2a8,0.0
0x3ddba0fd2ce99a0700cc5ab708684c8a5f64c11b,7.897134594290887267
0xb319d8f7e603c372d0135c145dd8b0ab77c02aee,97.957895063971676536
0x7ff50d24c87f3a4e0c3c527bbb563715ce6e71c5,0.671906006954088293
0x956b081e355f04d66caa138ec919836221e05274,0.0
0xbd8e9e39ad49d2607805b77951c9b284e4e8cf31,0.0
0x7986295f3ccece75718dc94cb4686de563cd3132,0.0
0xf98a9b0066d255c53a5aa92779aea02c052abfe5,0.0
0xfd27e4c53b04962965ab33807ef1a0184a3da5df,0.0
0xe7e4ca8b310c0d0ea900e15e4f43ffd9d25e3c77,0.0
0x58d58008a506d6e29c9e57fc465dfd6c2342cf5f,0.0
0x19cf388796c31fa7a583270d82659ecd2b4fd490,5.010093951875579859
0xa02be3fd82a57b6754c009d73922e6114e8ec9f9,50.968231995476371479
0x4d1e046d104b8f5c864861e81181b1de5a3e9195,1.580056723399685802
0xfacade560c19aa1927ae4edee886a2e7ca424b36,44.715621517801664097
0xa0a59da94f30e8b615591a9d1aa6cd9bbb3e28a0,0.0
0xee8450c75d44ff319f2b878f7ca9908f31f40607,0.0
0xd45c4950741a023a6bd426eb11178aef943728a0,0.0
0xf889b1d99b440aaa48839d7032088d96f7b3bceb,22.611984637003782489
0xf2327b04521589f505c7074c163805843a4bd6cd,105.992358522752429724
0xc807bfa8007d68c45d16c01db488513c0629db50,0.0
0xab769309ebceeda984e666ab727b36211ba02a8a,0.936861804071281912
0x83b8987b2f48b6b7220ffc6e83fa0f129b9d5149,234.667131603115478272
0x63c5c5a49c2c24afbcfbe1df60ccd2c6cf4ebaac,14.943568396904455061
0x9e52bf0f8973324721f4d4e71e913f172074b6d9,0.0
0x377ab6f66bd7187cd69769906815eb51fca1fe4c,500.356285430858053895
0x2239ff85f256b0ad09502e6b757ad4c0a747a899,0.476054704031446638
0xda6ab7d0a045a8b7dc25f8a50b383af7ff49977f,43.050311856640128941
0x9572001a64ad0a42fb908429dfa0214a3c18079d,3.620443471811652699
0x9b0c74924a7f6b4a54e7a02f7d56bbe9605bb629,582.0480398620610698
0x697999ecfc86f0bfa43235bcf324cc7f186e3d54,41.739326162016717824
0x45b1827e9aa31f9de17bdad0fe0eecefff086207,18.442106078499063573
0x8f688a91695f7d2a1e93e57cedcbf5c5202f617b,0.0
0x4ea07591d542d702b78ce3851b9773ac14e14b09,12.156593052972983724
0x25d88b1232bafdc6dfb7fa6841470048b77d0a6a,0.0
0x38f7ae7f298033921037d3f4777ac7988328bf4e,6.313255677611562187
0xec7710b43caf145805e66a1ea07dab954a2c20be,24.771199479090028244
0x07d084110ec4effbe165292cc249faef89f4720c,3.591742522685366683
0x705d4ce20793771d5b8497e748e381647da7f69f,26.817003076611240915
0x97a5370695c5a64004359f43889f398fb4d07fb1,98.562214505425697776
0x7cb99707c7ebd384dea6c71a5028b5f618cb064c,3.372778901985032952
0x2d53114198627e085cf2169b316738b8a9109c83,18.628375109830033592
0x2117ab5cb1f6ef3ae656cc779de060a75fc8198d,85.563357787684039808
0x78f7203fb6fd646ac947a765bcd476f39a3f5f1f,69.544708576989329051
0x0942086a607b12fe0dd5467620e6231c354ba175,0.0
0xf21e1b63cb07dea99c16bf368a9e97a58c3a3fff,1491.920715954080493884
0xf865cc03241b6e99803bd20444247fc345e10e29,0.0
0x431b251725cbfcc7453a403eb824cbdf11aeeb09,1.972073299973226
0x596888345c9e3c6f7d0f4e5d8590941e2cab52e8,30.740574679302251177
0x29faeb62f4e9e1456c2feed5c6f27b13fae91dae,8.025990507212862351
0x53f1dc04587af2f5f36e0d4b49c9ab547804c479,1.590020637376007772
0x201fd463114179a87ee40193e1ed94a3fb13291e,0.0
0xd657860fc512ec2250a7385a353f599e3276fddb,0.0
0xb4f642451dc4567e5fe7c22051e11a99dca2fdb6,0.0
0xaa7c08c3f9805326fe596221819fd20a2afb6642,0.0
0xd61daebc28274d1feaaf51f11179cd264e4105fb,5.062144885405208921
0x4d5ea105deccff5bcd373c31d742a455351a663b,88.136870236476794875
0x3fbdb2628a375f1fcffd53d081c59f6b7774ded9,11.574221644714894564
0x61a4bde009362b6d47d735a969ae081e4375c353,0.0
0x3abfae750d404c04e17593c576298390fb9e9433,3.39356577543235
0x212d8e4f8de70e5f3684de337bb42e08b1c97822,142.951379390238203324
0x4dea4c40c5f9daf5ebda2a114b26767a1c4b650d,0.0
0x953448062cbc361c4a49144bd1d43a294e4b61eb,0.0
0x5d643f55b82e89f394c4a688ed6b91eb1d88e931,4.535885028461031819
0x9ae87514d1892e28fd9ad86ea53aba9bd3f0b16d,0.0
0xddd6cf8d3e028c37bf88bb173624ded9689657cb,0.0
0xd7a234b7ab8b635f55b27341410e253ce9d3af4b,2.272141008994207892
0xbe5c097317227be4426890bb426e8e0c6299001b,0.0
0x06c5429af470d8f9fc3fd522b5c72135feb4a4b4,4.634941335770427213
0xfcb66c281af9ad2fc8358c0a7ac75e2b95bf0d8e,14.632176458592578068
0xb26a6ae42bcef2fb940f6bcd3a762c3430ddb659,0.0
0xcd70258a4db7e8e90860730c3d730798a3d01d25,0.0
0x19cf79e47c31464ac0b686913e02e2e70c01bd5c,51.616840584763673959
0xe21a06afcaa8117e01eae2ec379120030527f0bc,6.203512890834174209
0xc6b4e879fd63c642ed497c8e747bfcb89c8c88fd,73.7037886830938469
0x78adb1b4707b4b75a407dd913238735382451481,0.0
0x23a082d306883fb2fb83acd54d1276a7e8d40a27,1.083583471751123521
0x55d83b885d1d59e8c60ea2705d358ce51d3750ae,28.163342700852231486
0xee2b95f59aac7137321139563df2bc649693938f,1.787783987857402154
0x7ecef266ed9ada13d97a18e1e4f630e3060c652f,29.742864220327784223
0x5b5bc8909f8f9f9f7406917c3775f629af30418b,0.0
0x48683da0b284b772ce80088255bccf0792e02b77,2.726945626346937095
0x9ffe669c32ced95a688f381ce85f82b71ad7bb73,7.570323242613231956
0xe79502e6a2c36b3e907a088a0f3d50c4279c1d66,87.848155118152257262
0xc86cf6248ce599df48ca04b058c9afa7ad7c8509,1.724663834453247194
0x1ef76aa81c6de6f09d2e09d320d5007127ae3a06,0.0
0x8c270f234cdcbd30d281799b584db3d0789e1317,0.0
0x759f45f8b1ac09b9b5812aef1008cabcdccedca0,233.040534685529819149
0xd461c0e84c98650b7d573cb7cdd3d7e0ba402e6b,0.0
0x195ba3c86ff1c4c1e08ca7bf65694571203eea57,15.390275138823565906
0xc057474be99cdd42e75ce8ad11a4f86bc4e1218a,4.808728491308854256
0x6483091a0e2972cfe2efea7fbac6fa0c97c6c0e2,480.096783626150436882
0x5496e9335c655ca4a5c5510c2d08da75e19cfad0,71.334441387182308758
0x7b946dab6b86c814c84ba19d1b071681ea5eba47,69.086402449533588243
0xddc9b03b9a20e8820a9df7782f0773f850722e39,12.96832968146101268
0x3890c6b13de444029c30621e911f0d5b2361810b,3.299580172731685126
0xb9217ce76651af985d9df95a1a1c7c4c3a81d133,107.676537544000867945
0xcdac6014d6c8f8be3040279d67b993e0c02df5d9,0.0
0x6dc8d41f69d8ad122e441a7977d1062d791a6bbf,63.616436905272292479
0x2c120f668745510ca54279a73d00b07daef6efec,5.941618275206300095
0x88704c197bffb5c69d66eede2f4684ba5d8c8fb9,0.0
0xd74443f25c310a880d2a1bdacf075c4ac5ac90a7,9.204592583229555893
0x324a791b30f756c679072d8cf5e73f4f637bec1f,0.0
0xdb4f969eb7904a6ddf5528ae8d0e85f857991cfd,0.0
0x127e36c12b7a68a685fec27f752d82b4171e57ae,11.638262191929208984
0xf6f7c64ee5dd7280b1519f81968375c1442ba036,7.348095672560992419
0x13b3a50f3947476eda74fe191344524e2d2d28e5,0.0
0x0c5a2c72c009252f0e7312f5a1ab87de02be6fbe,4770.728485424261847366
0x9ada95ce2a188c51824ef76dd49850330af7545f,8.40221042461681252
0xd35c370be1b92262cc1ad8dc310b60f5f020357b,1.807984974456230051
0x00903f96abe2743b81fc7fcf4874c715a3fe1c88,0.0
0x077e88ffe6f64fbd91620587df23c88282cb3711,2.327832708394976914
0x4745e8fba927aaff0ec90c3dc1fef05a4c4a02fd,45.005384906042024934
0xef1ec2008ffd40f5399a918ed85669d7d52decb8,109.472955870207494972
0x813888135cfdc67bd68b79aea1d27863dd2b990a,28.278426138249027136
0x682033661f5e8121481691a2e1907737a1273a41,0.0
0x89745a8d324d0f1618866cea5d7e08586fcc431b,2.494963392676241643
0x237b145fe3bd209db3a9320039ff08f99264bb43,219.361504015338481971
0x3ddb69473881a8f0c73419293519994c14603b12,10.846332823391222202
0x7d5fb1350906513afe4bcb44b5435441ab749ad2,0.0
0x2c35b3d207f745ad5b17d88328286c49a0ce4d4f,229.731632689009816241
0xa47d3fdd0eab701a5c5fefb794e538273f0d25d1,40.249193481389010298
0xaaf6ba11d4a0e3812e76f97ee0149271c33ae1e5,8.592695174627904452
0x24bf68ce8d20ecc0b0f514abce57e42d801649bd,1.526782571764726145
0xc997b8078a2c4aa2ac8e17589583173518f3bc94,390.530139303409612706
0x53bf219a32e1228fc48c5229880d4fa88b75e2d4,4.03938310407883931
0x66943316565fe60619ef3517c9ab80072b71223b,45.27615638637253338
0xd15746738d8bd463fc8fe2c3eb847b76a471512c,0.0
0x6ab72b73cb7bdc044b1589b39cd884b39af700c4,0.873485889201409663
0xf7256ed518fa3a8b1ddb2bbb0cd0071617df7bf4,0.0
0x844193c781d7c7ce8f3bf779fe8c13ce09237d53,0.0
0x84dc61e4899c376014b269c4201034ba8362b1fc,13.272018628602098644
0xaf3a72ba9c8eee1909b7a82015aa674f02c5d5eb,146.36510759818023982
0xa09110caf0e83be6ad5416d3c23a496ba53f6aff,1.799029944373584751
0xb7d9945166e3da89ee4c0947230753d656d116a5,303.264132986035048433
0x6ec857e182693ebfc035c1ac1eed05ff97120b95,6.433186646378440992
0x49b144d329b096d2772533f936b5fda6ddf8dbdb,105.263847084788278055
0xc64844d9b3db280a6e46c1431e2229cd62dd2d69,0.0
0x0b818dc9d41732617dfc5bc8dff03dac632780e1,0.0
0xc8e206c0fb4c1c17b8c53ec4aa8f049228eb6b16,0.0
0xcce15dab72f0c54014f2fe8ebcd2085d3721df03,0.0
0xaae99871b32a731ddeaeee18517e365ebe44f395,293.958284214564679903
0x025f6f7a61bdf9ab5e59cee7a3026f6c6f5b488c,0.705096739409062201
0xc51e4f7ada44ca984cbbbaf035b8c2f4672b751d,32.264125796663684199
0xe5099fc71fc1656464d817ec50c291b2bc079eb7,35.566843800386039789
0x7e25b7a3ca681a52862f2d39c90e4563e27460d7,551.894758881685117939
0x562a383bf90027037fdbf314c91f8966908b95ae,0.0
0x4a8109add38968e507f99eeca309bc0e6d757193,0.0
0xbc171ecb5b479b354e0845eb3f28f931996fb436,10.195527513553672881
0xb4f52f97e6891a7a13320d19d1de26abe538cfe6,11.858210228155353491
0x70c193695cde1a3d1c15a01476041f0f0051bb02,1.927465597106865788
0x3d8377df40104140b8e0a60c3ed1171084d80de0,8.247396829700049394
0x224e69025a2f705c8f31efb6694398f8fd09ac5c,0.0
0xa542ce14ce3c14489e74b18d7c39894335c17b12,3.062031245284022079
0x8d85114de0e28d55ccc33162b265a2dcdffa3cc8,0.0
0x7fa77093e83c9292c2357ea799ac2c57ec138203,3.888267762254912341
0xe4f642aa2206d9c6e4fd7bb437b3274b8283eb14,14.745498847350039247
0xf040faf3a4f601e9647d87aab3480470cae631f1,0.784363940418170877
0x09c01aa4dfaa767f8319a001a1d5ee848f99a44e,0.0
0x28b49d24d58e165ac8cfe1e91b2027fcc716af12,1410.603567405338562171
0x1c87d147d89129a596e38295debbe134410db23f,167.547223870971488312
0xae0975ddbc007a21a74e6050ad26147089810b75,4.543027915527943864
0x16ecdcc9e58a9464f433b5683cd4d1e8e9713ca4,0.0
0x83fd59c1494a00d095b4a7bf74d2dc323a8ee233,0.574684212308187512
0x2fdf502ac2f054d5983a4a4ba916b2f2d4056685,2175.293663383930526833
0x39f2f6633a9b8ca0b24874b55783f47395ba2f92,0.0
0xfbd7ef5b92bdea87cef5ba8d372130c7cc4fc323,13.883409917663126781
0x9074bc544768423c0d9c9a109c0063cd3bb1f810,292.882065705859028952
0x1f847a01cbc91dd8ab4ec05bf16e5f655df08f11,0.0
0xb6ab2c186aa1ae4d75878584f598b17af545665f,66.049890782445831215
0x573b8502bda0c67fc12c7029941d355d618330f5,280.460216771258579609
0xe48fe6012f97b6a13c0ce5cef314caf66e972deb,0.461912418117189233
0x69a0b9101a3237fc63fccd03ad5bdfc39439e2c2,59.376971994777883996
0xfaee3e1f69c5affdbf8b9cd1c1096dc966ac4ca2,0.0
0xfa1aa964aa8cf5cfa1afeeb3573253a2b28c5852,24.722694551381882621
0x0fff37da7403a3c997d7eb5b745e3850cb5358a7,33.099753385501484098
0x45eb4536b9ed37a6d54933ca1cd26e7b75a1feb5,0.0
0x0be9a6d00d7768dfc751a0e8936ee7ca8418b678,2.946293346932255097
0x113afbb79d4f532b78a85ab13dfe2dae456425bb,161.443720153032985712
0x482de4f12d740d428101c24293381eb721f1ca67,5.262838336879885275
0x7fee439ed7a6bb1b8e7ca1ffdb0a5ca8d993c030,22.375415748187917293
0x83826b6eebd5593c33b17ae4597a7a2c823f404e,0.0
0xc5fa4f262a140b29b76cd3835b112ac0ac49a6c2,350.720651856782797166
0xb2fe2b854395e955340a38ee90cbbd2e496fc5e1,0.0
0x50f3ce0bfd94d3b7c112bba5d51e9a0e84ba20f0,124.702219290970748812
0xc529da19fef41b4d4cde18622dfb2fda6df50e40,0.0
0x22e1cfb554d6567caba59e42758e1200ca5813c8,9.860837851229488767
0x52eb4bd04dea22dc589cc973a96d9e1f9e423c12,8.053791842408707382
0xea63ac94a7ffab1a8a82e3b76da5dfeade80c4d5,16.313661956861620699
0xd1ec58495dfdc714297918418e903a08106e246e,687.601165433623127521
0x2273adeb7bd4594ebdadf0d5d0921964a27c00b8,116.265797741572776313
0xa98e77cd70408e00015492eb19f491c6bb12ed06,2.379536640319591732
0xf35489bd98af70ba98b23dd23c9bc4bad0dc5621,2560.729481106968047993
0x4c956623424394c5dc4fd71f04bb28ee117b496f,15.825692706936602564
0x83e4f44b93d6f210addefc56d2d27ec7a1c1006d,67.870979187514757964
0x8f3ddf567bff663d61a12a5d5f42f2e6f220f89c,0.0
0x561601d349603ac8b827c893cb4f1f170c34bb20,1.999996836086148062
0xd97ec9602f3af21cc88d56f6e4e504c0bc4743e9,0.0
0x44440aa675ae3196e2614c1a9ac897e5cd6f8545,5.963835022788210099
0xcd0e216ff5c395320f4c817b9b261f1a2a36bbd3,4.313602654668838468
0x8808aa2786f4fec9e9dd25feb504808935b6453d,0.858881512533254299
0x572830f18f941fe8bc92f2f5264cc974c03e8cd1,0.0
0xacde95dffe07de312137816dfa3cf8f44191f37b,2.530331032378627031
0x33cca875440de96afe0dd6c6b34ad911f59ea03f,5.706052766805400147
0x9bf586ceef182e90924fa6f54580a6cf4eda2bc3,381.337622310322304478
0x919def40b4b3f8f34c5c75e72c37c067127304a2,1471.616060470218427464
0xef11040b023e2e0927ad525143b1127ca68242fb,0.0
0x91a332f12e51a5ab2b343c6587189969b533f55d,2.024993893565347822
0x2669a693ebdf20b1333dcc8ef892fd9ae52d3ae9,22.513484839718591071
0x3295192f172f8bbba2b045446c9a69cdfa6ae593,2.114356226393919602
0x950e3807694d5a57b22e54564889e54b690bdd1f,2.968107282064476046
0x4ffc5f22770ab6046c8d66dabae3a9cd1e7a03e7,4.499315848156210356
0x08a01e2777fffda5f4cca7aa01c3087a62dc71a6,0.0
0x727abd02a79c57fd28bfd5f8d06502d5dc082cb9,0.0
0x74df542204ad5916b746c18a844cda24f064b2a6,42.340740167777275076
0x6a4e383aa9a666abbd249399d33e331eddd9a87c,75.55468242182607311
0x31331ec182777b3e3cf127f4709a8aaa8f76e549,8.59206497054688724
0xf49d2bcc52f0b46a98204721f98ce9d4e6730bed,330.341655064636274237
0x7f8c7e720c2a287ec286dfd13f4789efa5871671,3.734907069763525428
0x7723c45fb37092ee65202db7a2fe562c5fe0ab48,5.748661143393675968
0x92292ca2149d57d75d969fa54e503895f4919dad,1487.62448895871264907
0x99d0fcb09118a6e935cddd90f74bdf994b92ee04,156.083934290160227827
0xe4cca3f15f3eba6013b32add5bc5b15483d6f881,2.318343055284602148
0xcd75281aab13da6fd25d3f04a17fa1f769859edc,4.850498289963259441
0x1f5bbef0722b6188b87b29dff530d6cfb5a46967,0.0
0xe1880b5348fc0bad7a4d81cfdd0140cff530b174,0.0
0x94458aa887d18f85003c3b0391594767ddc733fb,1706.5735448573594286
0x9ea0f7c5915183ed4ea4e15f494c9b1a4695f791,6.806179664009779754
0xe90b420a71e16376260f9e733da6311d9430a7ec,115.6370195073158807
0xdbaf06e16a7f1d997d61cccce5db252a25e519f3,5.40768740976169041
0x9598d16e3bd123d0d6c36f60e26c1f793500a812,0.0
0x93d0bd8f8e6989381f96e12ec692f39a0f7f40e6,130.079393159357329932
0x53c1b80ec35cbca46bb2fafd37e42c3b026f8c38,0.0
0xe8f201e92fa8a8f11c3d086be017189792a7b259,0.0
0xc892c648942e31862b9970325ebb089f445af678,2.558252543094094863
0x99060737c0655b7d1e708267bc5add8c03866f72,9.358653482231154457
0x7705e47bd6eb6dc5a11aa1839639f3dc6e1a6eaf,1499.916281747498721252
0xa3deb012dca06b12a7e9ae06738fccb4d39a6324,19.637373303875893417
0xc1c68a92b1d73642269075d1dc20c81b502ae11a,43.89013044155794993
0x3213977900a71e183818472e795c76af8cbc3a3e,63.083016872418429169
0x6dce5729b6b692b3e4ad6ec9afecca07e17341dc,0.0
0x2c8553fa44bcd556e5f7c8482f78ee634d88a509,0.0
0xb06bd4c8a65058f1a2a7048aaaf2600254d0d19a,2.43594308059464384
0xc65bf49e54fea39eebfdf1e0a67b1f69069958f4,9.975813840201546304
0x8d6ddaa362d1ead00c4ecf63e69bb53b47c8bf1e,19.571522132046513867
0x2ef307adab43e3fa236f435a6e39d751f7dc2f9c,0.927522188685899438
0x977af97ba8dabab40f0a9a55eb5aef3e26848596,1.481574672587166135
0x77fa7733a6d0df32e50b680af30f3da45bc5c6c2,6.757324741521707461
0x092314c3c7aab1f890facd3cec28cb3a4295d67d,0.0
0x57215fc1f1f98c1a24fa2add5a8d71327818d417,0.0
0x1f24fbc913436488894c79bf3df624d3add579fc,3.006679679605971414
0x5e88ab690e899ca49cd484a1139f94ca8f40f8f8,17.734361212981818059
0x8f32188b684ae7fc0734e393ff5a3e7f803e5f10,389.590918871422756471
0x51d5ac6578c169908d6ca6f0de117bfaa2c7d47a,30.251712150913911608
0x466c65d05e810bcae50f2bf73c8246041131a313,99.026533743668319986
0xab2b4e053ceb42b50f39c4c172b79e86a5e217c3,0.0
0xc59da1ab7159adfef4e2b725c3894939df982f63,128.362101380219834327
0x506e18b04a8fa605fc309510af779a4f0c1dc84c,16.86039738886231199
0x982619d052ef29b4ff48c55153eabe8742418046,1.092676897720907414
0xeba8c2ad26268fa63666001acbceec790626efbd,0.0
0x0945260089850bc72432072501c6f545f6b64cec,0.0
0xfb69e4b694a62812b1c6543bd9723cb4cc001d91,0.122417673804481434
0x033c9f336f9b7f25cda00b97fe299d1b9a129908,4.07495559282454802
0xc5720e9a26b93a1ae715e64c5885b11719186428,3.810573940791578677
0x248e40f6f36a43ebdbb26a81ae18aa6d8887bf03,99.98848981341797607
0x5160b558ba11bda6eb6088f68640663c82793817,14.029269723778566224
0x4f3ae2fe9065981813c576712a40f44d2d5147fb,0.0
0xcaefd75ac57a091324e048d3cb2398a3c2e06bc9,1.223461789869399695
0xb95d0877b4830858fdaf6a1111d8a233214c06b2,0.0
0x05a49fc8bc3e9b50c728f1da119139799ef20f42,0.0
0xaa9ec5fc13f71d7b2998419e3b44f28b118b8224,171.8152154978451014
0xcd65201698fa7adccc892dff738757f0a7ef78d5,1.314910672571338339
0x0b3427e890d456bfd618172d8eca2ea3f3376bc1,639.231017604431154872
0xa01d3764c283fa049d0a7592aa0ae00e8c53db5b,0.0
0x0ef6e547dd86de09f0e8ece1e5a9f5ccb335ade1,198.019939415773161249
0x3bc9339e968f0931c5760e3cddcdbcf852cff726,6.980052619301275798
0x9de8498a65a4a70793be07f58e16d1db4f6a483b,0.0
0x9e12c8f6ca00c12186004ba3f6baa0e237814270,31.737842652358234957
0x8397b306f3ee34b8c182507d7b66d898ae329474,0.0
0x3c53816c3bf75d641430bc689f7a90c107379e36,5.595181779865808806
0x56ceb1255fea0b3eb36c236bad813851bf403e61,1.489411584581748767
0xae700d9d0a99e2d219a74b1ffe7066071b240447,7.569474878737379206
0x1d415fecd7554d86cb5d75f8017bd41fd4198123,12.560803463585300806
0x47e69ae06f43aaf165f022a45ba1112476034f8a,8.795905692106255134
0xe64e60e6beccb46ea383fd23aceacca7b19ae4ed,62.680109034980660017
0x222eef670389407353f536662aea3c4eafd7b0a5,18.354383810955983421
0xa9cdc432a3d1a1a5f43b353950389790be640b4a,2.587795346348945052
0xa0d884d99316d14d7727a6a9223a8266a4595468,0.0
0x896d723154eca634e5dd8a5d3ee76a4f1e9be22e,0.0
0xb0390f8e5fdcb801276c965ee740b936eec80e10,0.249843541802197455
0x0718a976f3055c0b1e69bb6f2ab6232caf99aab5,0.0
0xdbfe51084bdc563563e0ad2eb41b4a57215266dd,8.193845028415636694
0x4c00f62943546975354d3460d1759189460b44e7,0.0
0xcbfa2d1c0aec49b93f5a3de77566f9f3efab4881,0.0
0xe3f0470bd3d6947c4f88ec08983c0198f2ef0cc8,0.047581885196643807
0x0291eb432cb4a2613a7415018933e3db45bcd769,40.425660657133230554
0x09a03e511835ab32f7df63ba38b87cfe62db8d02,3.306701594289780091
0xa5bd4fa2db60afdf5cf57c6c2ea40beef982caae,30.321345858624672477
0x244c5ba9a9264bb97dd9578e0ed553051335ec03,0.0
0x749e2c6a633f0c1ab10b4734d6b8360ed5231189,30.988339080978862062
0x27b059495ea5ee03033226a231bcd3bf030be0e2,1.567114623265833952
0x2f28cc3f13a303da007f49d615479fe0265326c5,7223.231118215332775929
0x0520bb7bd328e033d92d6024a039dd0f32d114b7,0.0
0xad63e4d4be2229b080d20311c1402a2e45cf7e75,1048.803681770118253991
0x86cc7ad354441bae1304f55c1f6df8ba98d44af2,784.187278079293961128
0xdf5b0e3887ec6cb55c261d4bc051de8dbf7d8650,8.524933525291154524
0x6db5365a0f6eb6824a0139f07d8e4d9580945bfe,0.0
0x646969684d0c11fd1fd6c8b1e26fa87dd114d179,16.288281243263089545
0xbbc43cf94ad648d6e5c547485f67d0cbb8ad7420,487.663296585440795776
0x4fdcd0496f4c2d3629c0741626de74d24a683e50,50.061301505658611838
0x2c668bf97300ae0fee611bd5510ac46c61b07a17,0.0
0x021857c18cb6270bb9f784a254a012d4f549cb7b,0.0
0x39599378632a05ed88a6b3f35e0423d50003c7ad,34.915475029932281049
0xd2e7851dce6ecc9eae7027fe537d5a55e9565f75,85.025842693193125452
0xc7681482c9b3213d15c39036be41a33a8083fa95,70.245594667926028701
0xb4079f1e529309eff78f634cb1a82397547e9d30,0.0
0x6f3e77541590af14b813dafef34d707be91551c4,604.404367411847645647
0xe9b3ceb891bcc61d7c22d28a29dd523a8da92af1,0.0
0x1ce7b9ec0783b093246627ef628a834b2f9a6450,22.919637634615595389
0x8e5e01dca1706f9df683c53a6fc9d4bb8d237153,11.710192093212585212
0xb0988414351ffd20fff5f25ed759f95459607e55,240.766792035049612206
0x85e1d8d001e50f49809458d42f7ee99e81a986ed,9.67009635725504208
0x4688b6f3c384c3cffe95c92f599213de4a9fa9ca,6.802263875839257982
0x1e7bc5cac3a92ed4aa079731d8fef0ccfa28d90c,1407.026451301188370249
0x3482bdc12191a3e272aab39469d78836e71d2cfe,275.126511249654049293
0x0c3039e7518b711a56f3bbe8bec4f9387829e766,31.070095007077605715
0x887f13a2beba78391734da2153d72c7aebb4ed63,0.0
0x69d4c40ca8c886be71e140a6db29cb33edc6e0d9,51.934598935740888551
0x4d4eda310b5d62f02983a66b3eb1901c49326068,0.0
0xf7e94c3c9a33f146cee24a587c89b64e7b2df2e9,229.656761410040247447
0x4c8397f58d62e3b8fd1fa47ca897672561e5b0b9,0.0
0x734b276f62fbfda6897ef79532e9e56135347121,0.0
0x9b963e31ef96739a4126102e78c6ebda1d2780be,2.824553453876094116
0x8d8338a9410e0452978feed920b64b54ce3775bf,203.467006764375026832
0xa8f4d199a01b446be88bbfd5fbb0c16b9e77cf46,557.623935145102133936
0xc4a4e1665adfea108424b3a6f2bc9897ea62b390,693.176571615933786676
0xcc6e89ee06bfc50bd3d6e8c4d48d5267f4dc8363,5.689195892720018355
0xb12d996546fbc88cbc7e95426a14fbc0b1773ee6,1.787150959978988409
0x24bfd1a732ae5745e72c012c29013c955fe565df,1.084529767456504968
0x42fd6c81a77aa6bb25e069c987ef9bcf03acdd16,107.306969443702320034
0x1d6221b70e09af34b2fcf873db50c484fa912a28,0.0
0xd7c7eff84dcf4a129941374d9c29244021b7125e,0.0
0x681c11c73e0777079f4c489445b46decb83ab122,28.937433767713538962
0xcae291e9c3af3b99dc5a6ca5b691624be1a934a3,17.887412094661851212
0x61c4a9107de33e75ed6fe29550ae2cc29ced2264,0.0
0x0bf1fee0f3dbb4031e4c12e2985df93f267d53ab,0.408593576803796655
0x62526b5ee2dbd0cf05049d15289dcb25db99712b,1.963328946398165883
0x12dc5b1e1e124b2da9fa339e2f0323be1f180f04,0.0
0xa10378da8fbb61b408e7816b3e85bb003c485787,20.479829427696447621
0xed341adc89e456214ab768eb0dba6bc3d8150adb,7.669689722676608642
0x90e194675e7b43fc8b8684a474329630bcd52d7e,274.294775456919089467
0x2c876ad44115f7cd985d8aefabee0aff2eb62f37,0.0
0x657a38e6994cb578351376dcdb077330d00665d6,6.065102444132820463
0xb2b5eadd7a2a97a1fdf9f67e53b0bf1b03a9cb37,178.737745964511817154
0x4232f1514899e7dcb12aba8f0a31cc9d47bf400e,476.363041972953941541
0xca4fcb9bbde4f1c98733198187b557d01d87ae04,185.13944254421475063
0x0cdd61fe995b50b7881bfc1b08221066266fb0b6,6.180511967990614761
0x5e968bc1086d87158f1779fc851cf69355953fd6,326.431460594727090635
0x9730299b10a30bdbaf81815c99b4657c685314ab,3.746946352215770865
0x210462bda203844dfea3c875cf47699f457b33bf,0.0
0xbbf77a629f286f7d4b36f38c90a6726731363731,1492.571661245315768163
0xc612b11556a9a3ac1dca1f18df1c7ad4819ff4d8,1.998027643270358089
0x9466ebf24b2761fba6cbfd7f93d306c017325de7,1.843536531653898754
0xb78a290b75709aaf66eea479263eb7e9c238e536,0.0
0x01ab06f4eb304a6f804e26cbe5f16d23d06b68a5,16.284153262479463863
0xae91cb00c413a8d6089ba0bc8bf66fba47a912ea,9.277620734845713872
0xea174e9c6cc14419f36ade20897851f2bd1d125d,2.699221772726719688
0x202d828d77d3b0fa8f0a4a04128e9ff08fa86d37,1.554489685837739447
0xf1e34bdc4d2316f27a5a61e2d5679292faf67a4f,12.94052688520259063
0x07043ced05afa4456db015fb43fb3c99e07b07d0,6.22819434012225472
0xaa0a56e9d90d0d3c9aae2d5e6b854b4ebc331790,0.0
0x1649e2a2d94f25cf07ceb99d3c6e39673bdc4fa0,0.0
0x83c418d2ed6670785330b996b47a18492b61e218,1223.817228644971376798
0x735680da8a6efa99cd2c37edac0ceef756472a14,54.435372007882343428
0x872f6a5242a3e3aa2364c47455942d94f84832e5,61.991131402459892668
0x19b716be72ac362947e3cd474c4dc5b9ddebf170,0.0
0x02229a0b911635a65109b0b81ed1d1bc1cfa40f4,682.283813096144880687
0xaaedd6ed3c301d3985d5edd4f0e548d69d94dbe3,0.0
0xdb80c761262c495d7c11e7abe66770240909ea4e,0.0
0x6c0cf880cb20eefabfb09341fba9e2bd29ad3dfa,539.487599010442479223
0x5ffb763f69217c8f210150bf6e319a68738174e3,4.932809792551411621
0xbea645da9c7f6de1f7e287759ccbfd5ab9f57c08,183.582343846557726666
0x88696c4985f64ea1ebfb9e46c1b47197f7a244ab,816.650203121158203893
0x666663548e95e9bf3256f45104cbd14c164f0034,0.0
0xdd74a5f502167c1bdd88968d058834170175277b,0.0
0x835dbd8ec14d1ffc3ebdbd02d989f2ceb0c3a640,13.899961187914480321
0x2ed4f3e447eaefccee063b498ef812e12d68e111,128.576667300898793897
0x0de299534957329688a735d03961dbd848a5f87f,0.0
0x02e3f540be055029cd072a46899e61eb0d8566e8,2.075591057345532067
0x7f82e84c2021a311131e894ceff475047ded4673,2.449317065216810209
0x067c56efb017eaa5f6250a6e2a4a77dd455ba040,13.183843199956304239
0x710ac510d59c9801033c0373b8a375e40e46b0b6,1289.810890944446961691
0xd36c04f6dc8eb30708cd53527871d82080413c30,0.0
0xa4ac23b07c3e1ea65b0310ab501c5935197d185b,16.850582792469635461
0xf98422e116dcf9b4bdc08818b0c9b2f2924c8caf,54.018501608272007342
0x0c10ce968563b44140ee037c5f10af36fe18b67b,14.002273497824638592
0x3070c3499d3233dea493dc86e5aa9daf3ad1bd83,273.717345102200801457
0xc428b5c25c0c8331c9067f14aa56f48d8d1bdf20,3.129087441114953597
0x0bd43f463074e731718f970c35b3fa7c8184c642,33.250061849253141642
0x4449dd09067dcaa55c15f40b465a5173778f8100,73.702841507790411463
0x5f44fe1c8b5d0802eda2a9b638c6163ad52d633b,0.0
0x3706e6928e60d34b3b9131c117336db6c74bcf38,159.680683020692129618
0x9cfa2455ab78fabe23651f10551705de03a60533,10.313649787561944613
0xa116d790b6b498d71483810878fcdda310f2dd2b,3279.898692900074675346
0xd2da3a07bf4cd039d5f36d22f22b6fe04bd56a86,0.0
0x875e0703b59f4d96eeb94a3c6b03d99db949a868,0.0
0x3a85cd196d72872d89dde1ea1cccd7ceeb30802c,2.070162347904540919
0x4a05773a9b48afc7774181f3a85fe762d91bda27,0.324040752193685322
0x0281531ebed0d369e29f29bb4295be46113e422b,0.0
0xa89ce721a4a5dd6a213f6212ce216b6c93f66078,0.0
0x8908341caacd8e484fa408891a219a1bf2fe2b96,0.0
0x811af49a1d0e0e7cdc0addcaff682e87274455c0,0.0
0x6740888dad1a16931a1dcdd16538c9edd8c5ade0,0.74888654015089785
0xf5f08ba7f46e2a86b5ef3bfd56c2097c9f4276d7,1.740166706715617535
0xe03e5a23c93d7bfc98755db641c2321ea8555314,0.0
0xe86763878aa887b184e96b90780a917248e88ac3,0.0
0x6809b801a6e483a44720b9f0b009f1efd43b1a4c,0.0
0xd87de2b6de1c6936751606646769a482510f5ea8,5206.472467778430305903
0xffcdd63933bdd0fcbee19e3e9eae7774b931916d,6028.56954776201355781
0xefce60762558e113395d48b58e8567c556d36f23,0.0
0x53aaf2b383a0df5586de7108bca0e804e3f3e2ea,2.74905539668183853
0xd10285a213ea55a8baf3ea78eabd438646f6fbef,3.086750644035784167
0x17395d7e88687fa635958e18bd0b79bcfd96ebea,24.87085152118248359
0x3a842f600314a89eac33191a6836de9f265fa417,50.66461926745200173
0x10d0739e251f5c212312d023c9fcfe0fdcafca23,5.614697756009486746
0xaa2a47d8e4f9a98140f36bfbb6427f8d12ff16a9,0.0
0x132698fcec433ea0f1400436f380d1099691e367,1.220909123318671867
0x7549f8ff83f2413d48dd1f18ddb2186c92829874,9.926847084986794026
0x224fc9e322e63c6eeaf3b9c518573328bcd140ae,12.16447586610843817
0xc27dd727a68d34f0b688454af9382593fc4587bd,26.142065222968493531
0xdb0956eb096fb6f9af688c7b820d9f5c860adf68,3.016768810643071093
0xf2ed5beacef78fa9e38d1cdcb6f7ada3ae71f01c,169.982715688750843136
0x9b8c6046143a6a8d6eb7afe32c26d042ef133603,99.400023372927361587
0x9482c72cb018ee03d8c23395038b510ed4e6040c,111.387023590856497225
0xf9034fb27f395287276ddeecb3605d31e5603f45,0.0
0x9f4ebcb22447c64a21c687c1db6849ec55b8f016,47.182404944103457615
0xf6095db841937c926d3390a8e1088514c7613943,0.0
0x044a9c43e95aa9fd28eea25131a62b602d304f1f,45.398673639690178837
0x3995ae9aabe3ad17308b8e21662cc4b8aedc2665,0.0
0x5dbb39b4c03c016f675da811d1096139b17bf192,16.022156091115121528
0xf653c1c4d825c1600932ef1cc4db1d755e91ed05,30.334509745856571609
0x8be7086c3b4f8d00d8c4e398655bed05e84de22b,2.013399030598963535
0x3628b9bb664b7dc99fa4943f1c941ec0dd3a0d07,41.837599644703146351
0x67dd8751e6f0d0b50edc0d0b79dea7e076ed5fae,11.388238948607263045
0xf7b18e107eb36797f4ce36de756630b9c30969ad,93.020745562767649691
0xb9fb0dc34914c3e8033e67dc3abbf17c9b93ac09,110.830699891829954186
0x0df60e53959504e2aeeca46a5a2e72e860a3666d,230.942907875851798931
0x9f50183812bf7dad0967e6cb42aa041919c13026,6.616035411094985098
0xdc29f02271c1c26d0a3d2b27871d41586e04dbd9,16.49169642439266041
0xf52950c0056e8e48b360552b415d582b64924444,54.99971538932460248
0x4ed718cbed23fcb423e5eea37e22519ebfde8b56,2.193046675822543937
0x5834f9e0a6be1c80f97c83694f798de67b247608,228.072157630163514504
0x50664ede715e131f584d3e7eaabd7818bb20a068,4984.086689149277740834
0x27f383aabde02b06a586399cc26654ae23277498,12.921477186786415245
0x4c627d56a83a2daf44bedc8f5c14239a8b2b28f1,1.428577473494957693
0x77bf18ce6fc981927f36a20c051ab74d3de59533,2.676568874835774034
0xa9fb3e29b7f789faf8e2656bfc7f9bff2ed766e9,0.0
0xe3a210c97ed62568d47044a49755d5ec78892ffc,0.765163607823573474
0xa8c045e857c1c4550119b612f22c3b27ece10340,0.0
0xc48fe7a066b46393daf6784b8ec4adb8ebe7489f,1.699469617665319572
0xcef0b1bbec22edc3d07eac2f5f1053359a96a5e2,0.0
0x5819a86710a0354523b9b95e75be98656b85016f,2.968368968597359548
0x25612e8bd7683de22da45d717d0493b0e96424b4,66.660416748807384563
0xf5fbfcb56c8a6d058b5cd24c3e545243a819558a,0.0
0x381fda2de63b283fc51485e58a8600140f5f93fb,0.0
0xa8935dbd78eff54d29088dc01d4b3b08cf3baeda,0.0
0x22d0794a82eebdd10245c2d162951eb1ca6fa58b,2.47363772383798575
0xb04c4e33579c118a8b491c00cebdf43ccef8be13,0.0
0x3185ef019ba1c04b8d65edb64c1c34c3eae52271,44.227960391485654427
0x9731b0c8436c63cb018a9d81465ede49ecb0390e,189.26607742973727154
0x13ab5e30deac9cff34be7cad126f8b464a8b7450,13.873546344906324543
0x694433d0e6b3164d23fa4dd279e67a3ccc63670c,141.59953623038357317
0xafa68c587ee9f46cb58689f4f2ce9da75077dfc4,1887.781413147951460294
0x01ee57dd61b7c139eca63caced3df62143ce6f5d,625.328513565800315478
0xa72ab4828c30a57fca91938ba481dd9dd1959ccf,13.080368080779973061
0xaf9727db19690208db9df2c9ebfd0ef891cd30c1,2.264924632318709082
0x515b5f744c0be75d5a9425d79679fc538062efca,15.015055633870693275
0x68c3494bad6011033d10745144b51890861422e9,2.941557065920655083
0x43c6f07acf306d178a1849c225b67520129aaf33,10.019412998047053793
0x9f954829e1a88242f41f1d2eaaed82b4544c1d98,0.0
0x98f2319afb3e95d05d90fe5720f925dc17dec675,0.0
0x8ef4428b6f255359ff3b0ccae4e54c576c660173,0.0
0x527788ae179be743614496680d38b39d87ee1ce8,0.0
0x638aea3d8cc45da8915f4c2d00e6deba99bb4eb6,1400.479527125201779903
0xb2290986b94758450ee4fa3d7fa6510bb549a5d4,38.183621106228708751
0x962acb342148e34a522c3b09997932a7bda27754,288.09329564370614391
0x474e5a5f9cff448c43e366234ec04cd98851badd,13.109615850954838645
0x15977e15d7b24c76f94d2902970e0f0eedd78618,47.680615839429793094
0x956ad6b63449dd00c3b347f45a724f33e50aedd6,110.462089419676212004
0x3812364136fe59a5db130666925be092050bd8ba,37.983227512317100411
0x60cdf15ca5da9a31bfbc171c7d97cd5057e7ab6e,0.0
0x3e5af0d67c16a2a1d7da8c07a2fb418b3d3df383,0.0
0x530df38ca701262e5520854ef346da4d1aecbd5b,16.739364604519853463
0xed80e93e08dc71da930fe7458a5d87746b120c87,25.540481833468590968
0xf1b98463d6574c998f03e6edf6d7b4e5f917f915,0.0
0x0c1a3e4e1c3da4c89582dfa1afa87a1853d7f78f,0.0
0x5f70a6fa5e427da910a0174d12159e715d6747d0,5.457425486274750838
0x06658f96b088622ffa8b27250bef693b5ae2d912,10.262262239679270241
0x05e210e10beb566b06575848c1483980a948c396,0.0
0x767737ee1daf0e8b106ec769300c95229203487b,0.67034344082769193
0xde1ba04517c526199087b2390859a72306e2ebe6,35.346678094541857606
0x4535bf3ad836ddb8bd8c70b89032f8feaea3ff2e,30.898559101004983911
0x88e137bd3c1d8e94162b48034b221335f7ace9ff,3.225013353002504503
0xbc4bfa3119b488ce3d5516c3857fb59cf8549d5d,0.0
0x8358fc2dd62c00c1a9cd0fcb577309a4cead2471,12.93038391296417674
0x06f20222c5fc7b1878af795a25ad3f96a8d73bc2,88.854783736001854353
0x70baa4a1289f42d24d65eac808c4536659c829a3,2.688848778840458515
0x61f8c677d437910eadcaf30d780fcd1fc407ca94,48.441307926841849395
0x4e3b4c69eeeb3df8cc057f24521101b2d9de4b00,5.176526659868285045
0x455d8cc938049f8642e575a06a9c863bce9a6163,0.0
0x08a066431c8280af17d6c06d68c928b4c9d7907a,140.344451702824845545
0xf432a79c2b39d00885bb56f4036baf5c4cb8bd33,1.586191875228365819
0x75d92fd417c886ff45007b0688ee2b4cf32c8d0a,0.0
0xe9d60556c4068830606c0aef21f647cf8e74c011,0.0
0x50a2cd0f26262263cf2a190e4dbb6a1198b8f228,0.0
0x324401032b8d6b056f2f88390a4f050fd487dad4,6.736476413685997541
0x1910515ced2e66d40a093341e961bc92eff0e4db,0.0
0x505ffbe8a1d9215ec3a59bd843a2c0af4cdfb6d2,75.43829107567371849
0xe3c5f195efb34d723543d8bd5bf85a910a22852e,0.0
0x53fc8954cad03b73217d8124ed25f80d6d43553b,1.109853167603915376
0x2a438562bac044c0862c51b27f51aaa80912ab23,1074.430714434924969172
0x5cd1c9be0bbe4294d70a87a826323958caf94e4a,0.0
0xc08b19b0bd434ea7cec94ca768a921960041da65,300.651151954668208665
0x83b23e8e5da74fd3f3e5471865fc778d9c843df0,0.0
0x11d0b9058104247be40744b1e5a708fc0ae8f7cc,134.600850675994966924
0x69d4c3151f1620f7ec7c50320023ea0855c79b29,1249.66404509673641353
0x4fde66dbfc114ba4e6213ec40cbe0bbcd73092d8,199.16585446334944453
0xaa63b6c5383781d7ae6bbc4de1346061dc5740d5,0.0
0x13cb009a280bd617ec1c9db97a2584a90f0b23f3,0.0
0x52d4e9c6b23cfafa13938034814acdab895b6848,4.460269548330966
0xca2cba2ad13eb32990b13b89d1a2b9bb103b0464,255.691863075785682594
0x6fca99c517137deb0519c4e65df81b98492bad1c,10.180191668151841159
0x29dc6933ebe463c634eab9b2b9f1dc93727ecf08,0.0
0xcffe08bdf20918007f8ab268c32f8756494fc8d8,170.44304129290337892
0x0a20507fc1a33cbd15c5fd5197b259ca644e7769,3780.315453374121841378
0xd86df99e5e36f06e8a52252d3299e648c3d8ffe4,0.0
0xffdf3ecbcb89a19870e251dce10f417908a65fb1,8.379911378783838036
0xeafdb718c381bb3b5bd20075e423e52e156df01b,4.151212059805012957
0x8921b3acb007bb9018909155664fe1e31ad88535,0.0
0x5685a0d411e88fdf99702189506540807c0fd4f0,0.99376636053677079
0x9c9411ec47a85dea243fb605e1743ccd702d408a,3.213138203282311709
0xbc0bf1494d9b5cd25fa326bd7550159823a5bfbd,0.0
0x8b783f148705b582d9550a7f924eaf4294341eb3,4.122818125093219903
0x42203efd3903144c7b8e326b7e05a1274954e5e8,6.001390400954569041
0xf69ea6646cf682262e84cd7c67133eac59cef07b,246.602433197726942148
0x2a38a444129c89bc7c5ec777f00d834cf557665c,0.0
0x255be6d417d25d553414fb9608ef6303af9eb771,531.892614173763359665
0xe6d270680431b674cadd4e6c13bd56fdbfd6fbad,116.353556414876679797
0xcade1e68a994c5b1459ccd19150128ffef09ea3c,12.887100549122123397
0xd6e9c9a8002c7e2efc99e7acab60c442fc9df4f2,210.833263131115099022
0xa5de4e39cee256fce43c2207a92f7213cadbd45e,206.084853129771433761
0xfa34dbb8258b64f3eb932c7fa6bfeb9cd8e47bab,0.0
0x22bffefb6da1f90c7f8200381efb47f894d46c4c,0.0
0xc5bd838eb346bdea2a4773037374a0ec1243ceff,2.492310168801562563
0x81a0c472063175bd9f14d0c11caf28868bcfa819,0.0
0x1f7a20af62cdd4b242c02f2086bf1441d2d44789,10.698884555141674423
0x9fdc55c8435b0c6b14f6bf54f82be21d7e2b7094,0.0
0xc79ead066ba487398f57f6083a97890d77c55482,0.0
0x8dc490643c58795e5c4dfb9b24682aa6d9dec6c0,0.0
0xfe361a1d0f58d01f59c555410bb2eb6c419d77e6,0.0
0x744012275161bf09454b3f71426edc6a1cfe7dfd,50.623295511988784947
0x74761b2bdc5ce9263e4df92e4e322bf2a778071c,1.964548373326405856
0x9d0d91d9c4255cddd5cd1e5d45f734e51175eeb0,0.127986739167025216
0xaf2fea8278222a8ab0f98a6386dcbe48b746942d,37.354194389670787694
0xd0ba237c3deb33db6df9508975474d3d48c31d3b,171.055204669027505369
0xd157d6f9f904879d44d59bda39503da7e6bfa20a,72.939853401874369502
0x0eba5e314b660503b13e47b733300d19d4648f06,871.909297952786548092
0xd01534162bdb287610c1548896d6bb62e8c77404,65.877665250243504949
0xd151a10a361bc25a1fa285edb0caceef4ad35122,35.389975125629657346
0x57bbcb3da0b6983bde4bd8b9c605ebc65fb3b06f,0.0
0x39d8b1c6e1bb28725e1eb64455e49dfcfcbaab49,66.994450003795943161
0xe899e2cbadaa6e366646614c1b3ce87c514557dd,0.0
0x725fc8fe91dcf9343dd80342a93e45f2923c7334,0.0
0x66a2c7b0d4da7e699f6dd27f89b49ab15b0a51e8,37.095960348375925608
0x0c87652e7263c73137204164297e18fc186a144b,2.226373639545892662
0x973e162ce2c82ef34bb886316375c2b10c037472,6.848842095778796486
0xdaabdaac8073a7dabdc96f6909e8476ab4001b34,202.885282753814085007
0x085f66d0764c632ce8c1f2a41531909bef106c75,2.004869116799707362
0x1a7d839dad213e8664411be731754ca9abcac2f7,99.647223379113475452
0xdf610269c6587c579e76b03fba17ee51dd02b0c8,0.0
0xb9fa876449460d9433c9f78e0a2ea576d2677fc6,60.774408030635736457
0xd976d3cc17d109889037175b2472af6ca970302d,60.021818271379671915
0x9bb78431797c98c7b742b41ed53d15e744d5720a,3.857206957855011315
0x2abf6bfcfe2ddf12342b9a027ec867745634d0bd,1.315579729402202663
0x68f334603fe78c0f28036205febfd6ebe4992e16,3.556335178819782322
0x7338afb07db145220849b04a45243956f20b14d9,291.757263289938887314
0x1feebbb8fe778ef5bd150c8d5621055e735883bc,8.725190964027966127
0xecb9111e866b7a71c3b3574708cb18fed5a477be,3.002578117520783858
0xbb030a0408edc41f3c61ba3f132c06e93eda68f4,0.0
0xe32a2ab9eea11afc94eae88eca49c62d40aae801,181.855490390431237842
0xc6376540cf443d22cc3c697526bee1f81401e61c,0.0
0xe7f99bb72552f2bb32f7130962526aa444c4fadf,0.465562646202438031
0x52e2cc4e5743983193f956e88b9fe247b00e12d2,0.0
0x49f834da90fab90e60cca730b80e7c60e15fca0b,5891.072885178148283877
0x270b2dd38e866c33cd3ad452a36c2cbc59e4c314,0.0
0x6ad063aacbe19dcb8ad87ead54b9839743b451ea,0.0
0xca49cc398fd82904986487bb11ddd451c2f17b48,22.600905316050379442
0xd1c4ede3110ce1aa5ac927b7f7a5b4ba7007e4bf,0.0
0x5e12035d7b1ef1ebf0747c2967c3fb15c5a1102b,72.333582574996474805
0xac0a1fc7a7bda7338e67902e3db84a70db30be3d,0.0
0x21c8dc59f2e9a11c4c1a0c310641968132c6b1be,0.0
0x1b6bafa6fa51500a35c030baa82479cdad4f316c,0.0
0x327b9dee1830f8201efa751fd96f7b1ad0b300a1,12.210313413531733078
0x4277525b274860b050129bf3d64e456ca3345bc7,4.806926386988029426
0x8a0659de7ba8cb8be02e61ad7d1a8383f3c2f50e,71.609443356677488341
0x830ce8ff161023cecd982ae517925fd7635f1f71,0.0
0x29a8de1f5d87cf78db0faaab6ba3a540133f5acf,1.611312766378529598
0xf78d4b28c975353aa6ae45c31471e8ca8da0ba35,1881.125034236346520795
0x25dd159bb80ca4216a2693ca0394672e4600578f,0.0
0x9b3f49a186670194f625199b822fcbdfd3feacf7,296.671474762596867121
0x560827493747ac0b7e1fe1fa3044bf07d2e1bcc6,0.0
0xb0222211e7f6a61a7e183b482d5f98fc16ae16c6,0.418182902176599553
0x223041e924e0042772f3da12489c232d79ce3b88,351.371911050316317886
0x5b705164a2e3579dd7e2c1a0ac8332ae53ebdf57,0.0
0x2ce03ca27485cbdb63cd92ecef5b9da9fd2db483,0.0
0x731b08094a2ee0fa58fae40fbe443295cef8c035,0.0
0xe8adbfeb2112b81f640df743b7919c3d68afc078,37.35183159861008632
0x6189717673e1ed5da55080d0898c70f91d2784d0,5.653610533038303315
0x39fc8b3ec2d6d5f8f3ac4217ca0199d126f3e5fa,37.077516851685177498
0x821020d081652df0a704822897c1fa064963304f,185.463999629080899929
0xe9537a222a879646f8397e02e33b3f9919ca64bb,0.039044102525432162
0xf3fbb2c0a711529ef9b81fe59a5ef5b8f1e0eb27,1.101919369537984894
0x893a83f5521001559883cb9682b15439c023e54f,5.324690857965051091
0xea5abc1a1689984ebfdc41130886bdaeb5c24078,106.013747927538677528
0xb997887bfb6ddcb188b5f3693a15b3111f2f791a,1.546473785337043302
0x2fb4a206b37ce7aab7de686973f376f9282b17da,35.003896299956496533
0xcfea48cf6ba36e0328a6ead0fdb4c2642d21c59d,0.0
0xfa4fc4ec2f81a4897743c5b4f45907c02ce06199,9352.255083650101437443
0x4a401ee7fef089cd20d183fe2510d7bd38294728,0.0
0xff3b6159232585173484a4b76cbc74d60e3d135c,0.453099607372293678
0x0447e77b02348ada1a0f0a83dfdfd2da74e82e4f,10.348462597536145715
0x746164eef43f58f11f6e86f6e4b08f3d3d4d2721,0.0
0xeeaf3bd19ebe8823abcc994538a930ee37a6dd3b,0.674754962748948435
0xd7a4fcd99f0f5676c09728dd9f846faeb6e72f8e,51.754777326280767564
0x7d6fc0ee4aa797e091fb1f67bbb016b0dc5820fe,0.0
0xaff5d67a7f8124e92ef10a8704c1683b3a9b8e65,245.462302823371876872
0x6f0027f8a34ded28a81e78ceefa5d03d90e79941,416.33496440486258681
0x125442956d5e34ee274253a0f32354b945acf656,46.755517079893636614
0x5e3518130825153dabf4bd3f029f408221f2142b,0.0
0xa8e32d853aadd2d34a5bbf6757f27e49e2def893,0.0
0x5584ab96b25bfa81d1a518109238bb39108fb20c,0.0
0xb94be5cdf97401560507792e92c3a29102e5457f,0.0
0xf0bdf3ae4f29150d1515cc7c288fcbaf5edfea67,4.256174793383383629
0x319ca3532a12b367bb038165ba37b15756e45688,44.983915153281904814
0x6139b7c8c6c45ab685bee7c3764f7d3e7391069f,2.783345650676082585
0x4a215280446ffa9508cdf7cf7d2a8dad02189dc3,20.557703051108740798
0x604e46c5956a8352b114e03bec1882ccf3177a56,3.582625508759057373
0x963ad4cc7798601cc36526162fda203c21e90872,0.0
0xad36c2a253dedd7fe5a79cd0841dc078d7a093b9,0.0
0x4bb55e4fce1fa8b20ee1824003afeb77e4f0e699,469.462853453663502534
0x671149e0af44fbcaec953717554203630cb8e515,73.370894962935074574
0x9175d2d06e82a11f4d8eb8936db0b1a13953cba3,4.421215010809006725
0xcb9eaa226eea1c59d2f2fe197da0de65f30a8d63,44.281791692590995422
0xbfbdd332099eaffdcd0a8f24bd5d907824aac4a0,0.0
0x2043d05567f6bc7f8acfe493480a8320416a6834,0.523033505578407722
0x5a8681ca9efdda2739a84e84a46fdf3ded1148ca,184.280392808836976069
0x10f2ab2886d2ffda72abb390545d1bce8b2d20e6,3.150309881349994883
0x0b193945cf022c8965f5e1b9f9888ed2594e000d,31.283105215165936201
0xcd79272e57a870c0b1f69a8c840244364c4a0260,15.222666685141746323
0x3ec2c2a37be7ec40b922a6efc846e1d32bea97a1,1.344599487008499604
0xe25ef0605bd48b43f6abc8579b177d8be1114b97,31.285081833137520129
0xd1b856ee12bd00922cae8dd86ab068f8c0f95224,80.588317118514559239
0x9e64b47bbdb9c1f7b599f11987b84c416c0c4110,1140.223465367600038232
0x08bfa0744df010d3ef6e0e1636c12b89b91dde07,57.085956480621380234
0xe242ffec125230569c592e26dea977e3b880e966,1.106787425849417956
0x7bf1a430c6be5842b4e81a1ff3e1430fd7e54abb,0.0
0x29bf02c855fabe805c2f74d8f4be02d060e1306f,0.0
0x4b74d0296259f7994796e1b6e9c1c4f68066f5d6,0.0
0xe1b985a53138158f2a767abc378e935775bafa6b,0.0
0xf7187aa4031b16644238c6c0e442505df99be7eb,513.557534356419335895
0x09ace64b425cb2c4b2fd57f1ff96fcda41939588,450.849076985150670631
0x0c943968545b58c30c18f1fd024baf7d39743564,0.237732473676177805
0x120ebfe81c44003cd5351731709e30f9681daf74,169.110051497057778842
0x3620b631340f04f32a752ed275d91330c0e41ed4,2609.179972464072531965
0xe16584424f34380dbf798f547af684597788fbc7,36.856244508092676526
0xef79660bcad04037457fb0c323f5a045156fd0d8,2.218040377402306149
0x34ee2e826d3c6701df3b081d84c282c11c5eb4fc,0.0
0xce6208894bcc98c9b00683a5676fd98c9746416e,5.075675130147291885
0xbee160a973813b3d8653174e40cd5e9b2fac8fd4,0.0
0x2b23413c163262fbf6acd471e623574590b576f6,0.01454496276900683
0xdaa95a36d6cbd4e58a89253d3a19e26b067960c7,22.664822841338330104
0x5c14c0a4ce5645be8bf218a5f5469b94dbe887bb,784.076735479044314765
0xbf891e7efcc98a8239385d3172ba10ad593c7886,303.777265124258964054
0xfd2ed0526165e7ebe08b40fd26dbb2e06c1b4376,6.750107379832768287
0xf085231850f8a19c6009c9363e7849b2b50e4062,213.104166743776677945
0xc45b3e05102a17eec215d17afb756f501552b5b8,0.0
0x374c5beb2ded716bc3f846a8c88ff42c4012b9e7,40.832944559799919162
0x2e4feea3811b14e0f79b5b67cdb7d5ef6783f50b,22.151016104323683408
0x46eea8d5b37d2db51f35c1bc8c50cbf80fb0ffe5,4364.162196764094892093
0xdbd9d1e5742dbf471f6f63d5b02a7382b4fef151,1.310512212761595851
0xf48b4c067b4816dbc0a65333e9e81ca6d8a17002,35.329051448546447066
0xc9c4e2a97a11757008984180b19799ca66ba4fbc,1.761705955418433395
0xd972b276c682929e01e0be95f9328cb56f3a31fa,3.755980076456539017
0x4535313a9213d50403fdbaa79ff9917cb67c09a1,2.549743351949081218
0xf486d56cce70c481b3455af901fcc4f03fee8107,0.0
0xc7869906d9a03f9637c880746c19875b867232aa,0.0
0x3e021c612b12b4c2b8a37b3a1b704fdeb302bbc2,9.590291644730020015
0x618d6892c12d02cd91947862355f379cc0de2767,119.552755210772675764
0x8d216b875b5a1355e5938cdef73b503231a81c6f,3.900462921422855627
0x422c0348af9e58ce790fdce6ba9014f46cf533a1,17.473483401996121942
0x0639dda84198dc06f5bc91bddbb62cd2e38c2f9a,0.0
0x70a9c497536e98f2dbb7c66911700fe2b2550900,35.958431733499087354